unique_key,blockchain,block_month,block_date,block_time,block_number,tx_hash,evt_index,trace_address,token_standard,tx_from,tx_to,tx_index,from,to,contract_address,symbol,amount_raw,amount,price_usd,amount_usd
b66ddab29dcc2e891f2908f08c5d20b8,abstract,2025-08-01,2025-08-16,2025-08-16 01:59:48.000 UTC,1.7010551e+07,0x7ecdf71a11687da7b120970b896144e7e464081425e0a888641cc790d7f92df4,27,<nil>,native,0xbbb675a651e3646cb2823bec60dd1feddf4a28d6,0xad1eca41e6f772be3cb5a48a6141f9bcc1af9f7c,3,0xad1eca41e6f772be3cb5a48a6141f9bcc1af9f7c,0x3439153eb7af838ad19d56e1571fbd09333c2809,0x000000000000000000000000000000000000800a,ETH,1000000000,1e-09,4479.4641666666685,4.479464166666669e-06
bc3878847364552c51dd8af140e32604,abstract,2025-08-01,2025-08-16,2025-08-16 23:24:31.000 UTC,1.7084307e+07,0x96ee8490e78e5331b2b14be2c1f46759c015fc954e316ecd5984f7684d7ee7df,23,<nil>,native,0xe89509a4c5412ad68aa8e0dfbad5b81a6154f924,0x3272596f776470d2d7c3f7dff3dc50888b7d8967,3,0x0000000000000000000000000000000000008001,0xe89509a4c5412ad68aa8e0dfbad5b81a6154f924,0x000000000000000000000000000000000000800a,ETH,4826184000000,4.826184e-06,4425.291666666666,0.021357271836999998
481337d24dea3ece29c379412b5da8ea,abstract,2025-08-01,2025-08-16,2025-08-16 22:26:46.000 UTC,1.708097e+07,0x8c0bbea46961ef8a9d3ca2e5f7b95546ae4d194bf6e45232d3951e4cfc414415,6,<nil>,native,0x238ddab33c79f975c252091c44c663dfa1bff108,0x27edd16ee56958fddcba08947f12c43ddec2b20c,1,0x238ddab33c79f975c252091c44c663dfa1bff108,0x27edd16ee56958fddcba08947f12c43ddec2b20c,0x000000000000000000000000000000000000800a,ETH,1000000000000000,0.001,4424.873333333333,4.424873333333333
2aa151383e75e0981ba1f62839ca127d,abstract,2025-08-01,2025-08-16,2025-08-16 07:40:10.000 UTC,1.702984e+07,0x6bd4046884d8ca869d0610dcaea1c47771a31a8891e46ed02a55ecaa91d61f9d,2,<nil>,native,0xcf513e04865f6c56167fccccc809158177773e54,0x99bb83ae9bb0c0a6be865cacf67760947f91cb70,0,0x0000000000000000000000000000000000008001,0xac54d831fd7f32737191515eec0a16f35013f8e5,0x000000000000000000000000000000000000800a,ETH,3866974500000,3.8669745e-06,4444.385833333334,0.017186326685661252
25a8f2075140c7a7ab442ab42ea4d989,abstract,2025-08-01,2025-08-16,2025-08-16 17:24:24.000 UTC,1.7063715e+07,0x3dae5f16efc571832f4cb99cb4f270f4f568b1deac192ce6872db7da31ddb37b,34,<nil>,native,0x937cddecf00cd7f1f667f385dedfae275a0f2ea7,0x27edd16ee56958fddcba08947f12c43ddec2b20c,6,0x0000000000000000000000000000000000008001,0x937cddecf00cd7f1f667f385dedfae275a0f2ea7,0x000000000000000000000000000000000000800a,ETH,3022202250000,3.02220225e-06,4405.495833333334,0.013314299419865628
c8c71b556a1152e2a37bd2a3ae2495ad,abstract,2025-08-01,2025-08-16,2025-08-16 06:10:48.000 UTC,1.7024696e+07,0x245e1e7a5e1fc1b795da432e2a6ec9380318045c2e7d5cdbb669c5197ca205a3,19,<nil>,native,0xb3cbdcb130e3ab2fdd024355092771c56975fccc,0x0b07cf011b6e2b7e0803b892d97f751659940f23,3,0x0000000000000000000000000000000000008001,0xb3cbdcb130e3ab2fdd024355092771c56975fccc,0x000000000000000000000000000000000000800a,ETH,15850713000000,1.5850713e-05,4427.681666666668,0.07018191135369502
638493a4e90138cd71efecbe9da1a4aa,abstract,2025-08-01,2025-08-16,2025-08-16 16:53:09.000 UTC,1.7061915e+07,0xa631433e5af10debab2665d2ef8223b28b7ca0a4498a9567e6231cd583b57645,3,<nil>,native,0x896ee3712ba5688d14a9eabb41b7500c4cf565f8,0xa8c6862a4ad6ab89f72ec75651ac21d0ec9d5bde,1,0x30938ac6cda98b2d92acda7487c1308899abb3da,0x0000000000000000000000000000000000008001,0x000000000000000000000000000000000000800a,ETH,13635273000000,1.3635273e-05,4408.509999999999,0.060111237373229987
aa1b9e9f36b93dc071637f96cd36f677,abstract,2025-08-01,2025-08-16,2025-08-16 16:02:29.000 UTC,1.7058943e+07,0x384c111b566235f78fcf0f25d71b898e4f5f75675c05881cdfe67bb7ece5be2d,38,<nil>,native,0xa373fd721f0fd65c132f2fc91a0d434f98b9acba,0xcabff6d1a26f4e598c465474c54d137ad17755ba,5,0xcabff6d1a26f4e598c465474c54d137ad17755ba,0x8495f22aa4c93e50f46250e25bb257d5d25ae984,0x000000000000000000000000000000000000800a,ETH,35213427447846,3.5213427447846e-05,4408.509999999999,0.15523874703810356
d081ca43afdb559cb73bf8a63f3094ee,abstract,2025-08-01,2025-08-16,2025-08-16 04:34:32.000 UTC,1.7019191e+07,0x4815411853e544f0b108186fb4c54d97d3203aeb7a0c11b834882aa514de0648,24,<nil>,native,0xf34c30afdfae62d1f3eed5719c96f6c33b62e76f,0x149db429ecad6f4682c5bd11d4212c6a05669290,5,0xf34c30afdfae62d1f3eed5719c96f6c33b62e76f,0x0000000000000000000000000000000000008001,0x000000000000000000000000000000000000800a,ETH,20362319000000,2.0362319e-05,4447.154999999999,0.09055438875244497
1ef654f27a8a3a9842f4020ddb78fdb4,abstract,2025-08-01,2025-08-16,2025-08-16 18:11:42.000 UTC,1.7066446e+07,0xdd59705af4bfe7671c0db7065a9b69874a0bd0484a0ec610af88461ef1433337,20,<nil>,native,0x8df30ef15e5d08e624dc33db885edcfddfe66070,0x27edd16ee56958fddcba08947f12c43ddec2b20c,3,0x8df30ef15e5d08e624dc33db885edcfddfe66070,0x27edd16ee56958fddcba08947f12c43ddec2b20c,0x000000000000000000000000000000000000800a,ETH,100000000000000000,0.1,4413.11083333333,441.31108333333304
796f00ccfe66fff6c5777db128d45dd1,abstract,2025-08-01,2025-08-16,2025-08-16 11:12:56.000 UTC,1.7042172e+07,0x2cd37d12cd09ba62011c8c77e2cf04ecffa4d09c93def0994256dfca1d2ddb13,18,<nil>,native,0xc3dc74423a5c65fc9c965cafa873eb1a7ef379d4,0x7edd91c4dd202032872bfbfcd3a4e4f71cb4b8bc,3,0x0000000000000000000000000000000000008001,0xc3dc74423a5c65fc9c965cafa873eb1a7ef379d4,0x000000000000000000000000000000000000800a,ETH,5487377000000,5.487377e-06,4412.0791666666655,0.024210741741345826
4a869ca4844c87c48c880669f376613a,abstract,2025-08-01,2025-08-16,2025-08-16 06:40:36.000 UTC,1.7026375e+07,0x172ae1a7ddcb8cb0d3938fe1cdb1f639768c8a27ec852ccaab89a1e091ccfe29,13,<nil>,native,0x2083348ed5c126bcdae5449113aeb02fc2993b82,0x149db429ecad6f4682c5bd11d4212c6a05669290,1,0x149db429ecad6f4682c5bd11d4212c6a05669290,0x2083348ed5c126bcdae5449113aeb02fc2993b82,0x000000000000000000000000000000000000800a,ETH,1732300000000000,0.0017323,4427.681666666668,7.670072951166669
1a7ffd315b2b6a6f8dd56b3474e473ce,abstract,2025-08-01,2025-08-16,2025-08-16 20:03:55.000 UTC,1.7072892e+07,0xd206b2774b7d81c30f2ae53a1eb29f98a99c324dd4e5a23b83a3d0d6586f883f,31,<nil>,native,0xe2bd5224fdef08327a44851b6da69620b7000000,0x0d6848e39114abe69054407452b8aab82f8a44ba,4,0x6d8d6c809ab8e238f1c0cd7a48f9f3ca7dcc6bb0,0xe19027d1cf2e28d5a4de61fe6e307e00afb2b79a,0x000000000000000000000000000000000000800a,ETH,25000000000000,2.5e-05,4430.624999999999,0.11076562499999998
acc94139f0e3e032ec5e26c089ff7c07,abstract,2025-08-01,2025-08-16,2025-08-16 13:45:07.000 UTC,1.7050981e+07,0x2e06ca5b38f09300734113c6e83fe4779bf8cfad7a0171f80751a385674837a3,15,<nil>,native,0xbb6af782c4b3635a118f345b74de747ba37e7272,0x5f8abf7f164fbed5c51f696ddf3c2c17bcbc8fbb,3,0xbb6af782c4b3635a118f345b74de747ba37e7272,0x0000000000000000000000000000000000008001,0x000000000000000000000000000000000000800a,ETH,18654855500000,1.86548555e-05,4414.595,0.08235363181602251
39368607d4cfef6caee187c557e26c4d,abstract,2025-08-01,2025-08-16,2025-08-16 13:22:44.000 UTC,1.7049676e+07,0x30f3316456f8ce7b50762269d24f0f28133f947316552a4b54aa57b144b7fcd1,36,<nil>,native,0xd92fe06d1dae5b4757a0e6061fec24054639ac35,0x89eb96a0a157f935de38d548b79af511d424e33a,6,0xd92fe06d1dae5b4757a0e6061fec24054639ac35,0x0000000000000000000000000000000000008001,0x000000000000000000000000000000000000800a,ETH,452500000000000,0.0004525,4414.595,1.9976042375
4fe271065a41bbad6eb7395f3a214706,abstract,2025-08-01,2025-08-16,2025-08-16 03:34:53.000 UTC,1.7015772e+07,0x4006e3ded379ed080a5e4c7eb4a11a2c58c8abddaf1004f2bd2c9bd4cb0e6df2,70,<nil>,native,0x12391b8a4d3ab7e883f43be683dcd179ab3d35f4,0xcf3bff7ed038621a0338f9e9554ac152b2773dae,23,0x12391b8a4d3ab7e883f43be683dcd179ab3d35f4,0xcf3bff7ed038621a0338f9e9554ac152b2773dae,0x000000000000000000000000000000000000800a,ETH,1234,1.234e-15,4450.810833333332,5.492300568333332e-12
45cfb564b902eb140d5168e6452cdb78,abstract,2025-08-01,2025-08-16,2025-08-16 16:48:33.000 UTC,1.7061639e+07,0xfb9b35a9effe4848e538fe501330154105d6667238f26d62924a2afc36016af4,20,<nil>,native,0xefee9434b4042ca29d55e49959cd6d67e446553c,0x20bf96ad879ba4d6904595ed05bc8d0ce226b99a,2,0x20bf96ad879ba4d6904595ed05bc8d0ce226b99a,0x0d6848e39114abe69054407452b8aab82f8a44ba,0x000000000000000000000000000000000000800a,ETH,4950000000000000,0.00495,4408.509999999999,21.822124499999997
c7a76b9529d244b1f629201253022f8e,abstract,2025-08-01,2025-08-16,2025-08-16 01:09:35.000 UTC,1.7007606e+07,0x07dd876aef2973b11991089b34a75681a540bdcedae112b565f76836056a2578,6,<nil>,native,0x5fa96b871f62f7af01b785282a310e63ba501ec0,0x5a4a369f4db5df2054994af031b7b23949b98c0e,1,0x5fa96b871f62f7af01b785282a310e63ba501ec0,0x0000000000000000000000000000000000008001,0x000000000000000000000000000000000000800a,ETH,19269984000000,1.9269984e-05,4479.4641666666685,0.08631920282024004
c3fd7511e963c8d2900fb4c4db1ec2d7,abstract,2025-08-01,2025-08-16,2025-08-16 07:37:33.000 UTC,1.7029684e+07,0x810c9994176ace95079bd694a126a4133ff81b452c46154a3fa12c8eaee2641a,0,<nil>,native,0x2085d516da594fb3362620529d9ed1f5c3f4b60c,0xdf70075737e9f96b078ab4461eee3e055e061223,0,0x2085d516da594fb3362620529d9ed1f5c3f4b60c,0x0000000000000000000000000000000000008001,0x000000000000000000000000000000000000800a,ETH,90500000000000,9.05e-05,4444.385833333334,0.4022169179166667
04f3a6a28355eb3ee39e622009e72764,abstract,2025-08-01,2025-08-16,2025-08-16 20:16:17.000 UTC,1.707358e+07,0xdd20f690a7a696aef7318e269eafcb71cc29a107edd4dbaebbb06e8f83f8c8e7,6,<nil>,native,0x8df30ef15e5d08e624dc33db885edcfddfe66070,0x27edd16ee56958fddcba08947f12c43ddec2b20c,1,0x8df30ef15e5d08e624dc33db885edcfddfe66070,0x27edd16ee56958fddcba08947f12c43ddec2b20c,0x000000000000000000000000000000000000800a,ETH,47800000000000000,0.0478,4430.624999999999,211.78387499999997
