market_id,category,snapshot_total_trades,snapshot_total_volume,snapshot_avg_trade_size,snapshot_median_trade_size,snapshot_small_trade_share,snapshot_retail_volume_share,snapshot_evening_share,snapshot_weekend_share,snapshot_burstiness,snapshot_volatility,snapshot_whale_share,snapshot_whale_trade_count,snapshot_whale_dominated,snapshot_flow_score,snapshot_attention_score,snapshot_score,snapshot_score_max,snapshot_level,snapshot_drivers,snapshot_retail_threshold,snapshot_retail_threshold_method,snapshot_coverage,snapshot_sample_trades,snapshot_min_trades,snapshot_confidence_label,snapshot_confidence_score
516883,crypto,0,0.0,0.0,0.0,0.0,,0.6923076923076923,0.0,0.0,0.0,,,False,0.0,0.0,1.5,10.0,low,"[""evening_activity""]",,,snapshot,0,25,insufficient,0.0
516925,politics,691,66449.9254619998,0.0,9.91766278947371,0.0,,0.4666666666666667,0.0,1.4004474720706637,0.23466372449164202,,,False,0.0,0.26696498138044245,2.17,10.0,low,"[""evening_activity""]",,,snapshot,691,25,insufficient,0.0
517817,politics,34,5587.557663,0.0,224.39032,0.0,,0.4666666666666667,0.0,1.584095928492811,0.636021320410815,,,False,0.0,0.3893972856618739,2.47,10.0,low,"[""evening_activity""]",,,snapshot,34,25,insufficient,0.0
527869,crypto,305,82919.653683,0.0,22.46749899999999,0.0,,0.4666666666666667,0.0,1.9259780868557062,0.6331491734605879,,,False,0.0,0.6173187245704708,3.04,10.0,low,"[""evening_activity"", ""volume_spikes""]",,,snapshot,305,25,insufficient,0.0
540819,politics,53,44473.768438,0.0,245.9169,0.0,,0.4666666666666667,0.0,2.6992991980612993,0.7609470618925571,,,False,0.0,1.0,4.0,10.0,medium,"[""evening_activity"", ""volume_spikes""]",,,snapshot,53,25,insufficient,0.0
549618,crypto,0,0.0,0.0,0.0,0.0,,0.4666666666666667,0.0,0.0,0.0,,,False,0.0,0.0,1.5,10.0,low,"[""evening_activity""]",,,snapshot,0,25,insufficient,0.0
553374,politics,61,46335.818984,0.0,16.2480391,0.0,,0.4666666666666667,0.0,2.6044980203159054,0.9208135560807985,,,False,0.0,1.0,4.0,10.0,medium,"[""evening_activity"", ""volume_spikes""]",,,snapshot,61,25,insufficient,0.0
556063,crypto,0,6995.650253,0.0,0.0,0.0,,0.4666666666666667,0.0,1.7666133988153319,0.4740943084797874,,,False,0.0,0.5110755992102213,2.78,10.0,low,"[""evening_activity""]",,,snapshot,0,25,insufficient,0.0
558839,crypto,58,2959.788967,0.0,84.3935886,0.0,,0.4666666666666667,0.0,1.3167437109255646,0.2436842337598077,,,False,0.0,0.21116247395037643,2.03,10.0,low,"[""evening_activity""]",,,snapshot,58,25,insufficient,0.0
559662,politics,60,145353.203283,0.0,45.19784,0.0,,0.4666666666666667,0.0,2.143635872431159,0.8446916076438713,,,False,0.0,0.762423914954106,3.41,10.0,low,"[""evening_activity"", ""volume_spikes""]",,,snapshot,60,25,insufficient,0.0
559667,politics,2,22895.457401,0.0,0.0,0.0,,0.4666666666666667,0.0,1.6736755684164968,0.5844352979971782,,,False,0.0,0.44911704561099786,2.62,10.0,low,"[""evening_activity""]",,,snapshot,2,25,insufficient,0.0
559673,politics,82,11558.16783,0.0,90.7140755,0.0,,0.4666666666666667,0.0,1.9019653738290376,0.7583625560770255,,,False,0.0,0.6013102492193584,3.0,10.0,low,"[""evening_activity"", ""volume_spikes""]",,,snapshot,82,25,insufficient,0.0
561015,crypto,24,9665.396821,0.0,0.0,0.0,,0.4666666666666667,0.0,1.229875923385394,0.261504821993518,,,False,0.0,0.15325061559026265,1.88,10.0,low,"[""evening_activity""]",,,snapshot,24,25,insufficient,0.0
559675,politics,0,7295.366,0.0,0.0,0.0,,0.3684210526315789,0.0,1.1885816911636775,0.14475847651682344,,,False,0.0,0.12572112744245167,1.81,10.0,low,"[""evening_activity""]",,,snapshot,0,25,insufficient,0.0
561238,politics,84,23329.138136,0.0,281.46016,0.0,,0.4666666666666667,0.0,1.2421949817684252,0.16516476145270062,,,False,0.0,0.16146332117895015,1.9,10.0,low,"[""evening_activity""]",,,snapshot,84,25,insufficient,0.0
561829,politics,119,61337.831122,0.0,41.194999,0.0,,0.4666666666666667,0.0,1.4825328226539058,0.27764083930073274,,,False,0.0,0.32168854843593725,2.3,10.0,low,"[""evening_activity""]",,,snapshot,119,25,insufficient,0.0
561949,crypto,1,20052.25,0.0,0.0,0.0,,0.4666666666666667,0.0,1.6009103767875705,0.3930274494200125,,,False,0.0,0.4006069178583804,2.5,10.0,low,"[""evening_activity""]",,,snapshot,1,25,insufficient,0.0
561955,crypto,0,0.0,0.0,0.0,0.0,,0.4666666666666667,0.0,0.0,0.0,,,False,0.0,0.0,1.5,10.0,low,"[""evening_activity""]",,,snapshot,0,25,insufficient,0.0
561956,crypto,54,37199.110836,0.0,0.999998999999999,0.0,,0.4666666666666667,0.0,1.6634645636992902,0.4628276707615321,,,False,0.0,0.4423097091328601,2.61,10.0,low,"[""evening_activity""]",,,snapshot,54,25,insufficient,0.0
561982,politics,112,137074.078132,0.0,124.11084,0.0,,0.4666666666666667,0.0,1.242063971542043,0.08387569563363484,,,False,0.0,0.16137598102802864,1.9,10.0,low,"[""evening_activity""]",,,snapshot,112,25,insufficient,0.0
559665,politics,59,18245.263282,0.0,85.3575,0.0,,0.4666666666666667,0.0,1.671703342791258,0.3906065768377446,,,False,0.0,0.44780222852750534,2.62,10.0,low,"[""evening_activity""]",,,snapshot,59,25,insufficient,0.0
559674,politics,29,32187.391999,0.0,63.92941,0.0,,0.4666666666666667,0.0,1.7368125288886702,0.6126933337282969,,,False,0.0,0.49120835259244683,2.73,10.0,low,"[""evening_activity""]",,,snapshot,29,25,insufficient,0.0
561983,politics,0,39982.282666,0.0,0.0,0.0,,0.4666666666666667,0.0,2.3289343643327554,0.7701426283144601,,,False,0.0,0.8859562428885036,3.71,10.0,low,"[""evening_activity"", ""volume_spikes""]",,,snapshot,0,25,insufficient,0.0
561986,politics,30,217706.2374,0.0,335.65392,0.0,,0.4666666666666667,0.0,5.937528822984069,1.2221827344291847,,,False,0.0,1.0,4.0,10.0,medium,"[""evening_activity"", ""volume_spikes""]",,,snapshot,30,25,insufficient,0.0
516712,crypto,0,2002.31,0.0,0.0,0.0,,0.14285714285714285,0.0,1.8075621290505783,0.698741300607855,,,False,0.0,0.5383747527003856,1.96,10.0,low,[],,,snapshot,0,25,insufficient,0.0
561987,politics,58,321729.1422,0.0,229.288465,0.0,,0.4666666666666667,0.0,7.989210279896733,1.7177314025035473,,,False,0.0,1.0,4.0,10.0,medium,"[""evening_activity"", ""volume_spikes""]",,,snapshot,58,25,insufficient,0.0
561988,politics,32,2571.2725,0.0,50.9949,0.0,,0.4666666666666667,0.0,1.6358937318596949,0.6098855141479409,,,False,0.0,0.4239291545731299,2.56,10.0,low,"[""evening_activity""]",,,snapshot,32,25,insufficient,0.0
561991,politics,86,168813.2438,0.0,0.12012,0.0,,0.4666666666666667,0.0,8.707444926320358,1.8915754986882998,,,False,0.0,1.0,4.0,10.0,medium,"[""evening_activity"", ""volume_spikes""]",,,snapshot,86,25,insufficient,0.0
562000,politics,1,7295.529855,0.0,0.0,0.0,,0.4666666666666667,0.0,1.502098055999874,0.5268307598357364,,,False,0.0,0.33473203733324935,2.34,10.0,low,"[""evening_activity""]",,,snapshot,1,25,insufficient,0.0
562003,politics,35,15224.04725,0.0,62.0,0.0,,0.4666666666666667,0.0,2.1471273547306953,0.7291756463846489,,,False,0.0,0.7647515698204636,3.41,10.0,low,"[""evening_activity"", ""volume_spikes""]",,,snapshot,35,25,insufficient,0.0
566166,sports,136,310924.775,0.0,59.93988,0.0,,0.4666666666666667,0.0,1.2043440106918544,0.14968022836660302,,,False,0.0,0.13622934046123625,1.84,10.0,low,"[""evening_activity""]",,,snapshot,136,25,insufficient,0.0
566195,sports,175,43236.884,0.0,118.5813,0.0,,0.4666666666666667,0.0,1.6951694282157654,0.3029057898089665,,,False,0.0,0.463446285477177,2.66,10.0,low,"[""evening_activity""]",,,snapshot,175,25,insufficient,0.0
566203,sports,189,83245.933,0.0,16.50430675862069,0.0,,0.4666666666666667,0.0,1.1884230026535099,0.2211887999360302,,,False,0.0,0.1256153351023399,1.81,10.0,low,"[""evening_activity""]",,,snapshot,189,25,insufficient,0.0
566205,sports,149,32507.854,0.0,94.541417,0.0,,0.4666666666666667,0.0,1.334127829480633,0.16380981538186584,,,False,0.0,0.22275188632042195,2.06,10.0,low,"[""evening_activity""]",,,snapshot,149,25,insufficient,0.0
566237,sports,0,12354.223,0.0,0.0,0.0,,0.4523809523809524,0.0,1.7793460541738395,0.7310787059367168,,,False,0.0,0.519564036115893,2.8,10.0,low,"[""evening_activity""]",,,snapshot,0,25,insufficient,0.0
566239,sports,1,18157.136,0.0,0.0,0.0,,0.4666666666666667,0.0,1.99906987485485,0.8481629660415348,,,False,0.0,0.6660465832365667,3.17,10.0,low,"[""evening_activity"", ""volume_spikes""]",,,snapshot,1,25,insufficient,0.0
566241,sports,5,18428.296,0.0,20.51888,0.0,,0.4666666666666667,0.0,1.9376212556351384,0.7563142557353844,,,False,0.0,0.6250808370900923,3.06,10.0,low,"[""evening_activity"", ""volume_spikes""]",,,snapshot,5,25,insufficient,0.0
582752,crypto,1,88443.714094,0.0,0.0,0.0,,0.41379310344827586,0.0,1.4319350461672833,0.3818889248543228,,,False,0.0,0.2879566974448555,2.22,10.0,low,"[""evening_activity""]",,,snapshot,1,25,insufficient,0.0
559651,politics,0,160948.725014,0.0,0.0,0.0,,0.3333333333333333,0.0,1.2807031303561605,0.2427976121640822,,,False,0.0,0.18713542023744031,1.9,10.0,low,"[""evening_activity""]",,,snapshot,0,25,insufficient,0.0
516714,politics,61,50303.147399,0.0,4366.512017633335,0.0,,0.4666666666666667,0.0,1.965316614150087,0.5731991971615024,,,False,0.0,0.6435444094333914,3.11,10.0,low,"[""evening_activity"", ""volume_spikes""]",,,snapshot,61,25,insufficient,0.0
559652,politics,125,15001.600678,0.0,8.949999,0.0,,0.4666666666666667,0.0,1.4119463144547966,0.27090880459833383,,,False,0.0,0.2746308763031977,2.19,10.0,low,"[""evening_activity""]",,,snapshot,125,25,insufficient,0.0
566153,sports,59,54079.14,0.0,33.00995,0.0,,0.4666666666666667,0.0,1.2579782331119762,0.16725888698090915,,,False,0.0,0.17198548874131747,1.93,10.0,low,"[""evening_activity""]",,,snapshot,59,25,insufficient,0.0
566163,sports,76,36916.499,0.0,309.76959,0.0,,0.4666666666666667,0.0,3.057735217591497,0.559681042519644,,,False,0.0,1.0,4.0,10.0,medium,"[""evening_activity"", ""volume_spikes""]",,,snapshot,76,25,insufficient,0.0
566167,sports,84,27503.15,0.0,317.319363,0.0,,0.4666666666666667,0.0,1.3346623120730046,0.1274900752982729,,,False,0.0,0.2231082080486697,2.06,10.0,low,"[""evening_activity""]",,,snapshot,84,25,insufficient,0.0
566170,sports,59,24660.475,0.0,170.72642812499998,0.0,,0.4666666666666667,0.0,1.4802162867458746,0.286609815637451,,,False,0.0,0.3201441911639164,2.3,10.0,low,"[""evening_activity""]",,,snapshot,59,25,insufficient,0.0
566174,sports,58,15926.606,0.0,30.52647,0.0,,0.4666666666666667,0.0,1.4735637574434848,0.24288945035251236,,,False,0.0,0.31570917162898987,2.29,10.0,low,"[""evening_activity""]",,,snapshot,58,25,insufficient,0.0
566193,sports,119,106910.366248,0.0,132.8041995,0.0,,0.4666666666666667,0.0,1.8885175023430931,0.7284026670430468,,,False,0.0,0.592345001562062,2.98,10.0,low,"[""evening_activity""]",,,snapshot,119,25,insufficient,0.0
566194,sports,213,50461.1445,0.0,128.146194,0.0,,0.4666666666666667,0.0,2.1720709473741695,0.6950624637561779,,,False,0.0,0.7813806315827797,3.45,10.0,low,"[""evening_activity"", ""volume_spikes""]",,,snapshot,213,25,insufficient,0.0
566197,sports,179,44413.41,0.0,129.172468,0.0,,0.4666666666666667,0.0,1.6438454266847538,0.5271524168473068,,,False,0.0,0.4292302844565025,2.57,10.0,low,"[""evening_activity""]",,,snapshot,179,25,insufficient,0.0
566198,sports,193,45177.488,0.0,92.79711,0.0,,0.4666666666666667,0.0,2.07255010100367,0.46490576804714223,,,False,0.0,0.7150334006691134,3.29,10.0,low,"[""evening_activity"", ""volume_spikes""]",,,snapshot,193,25,insufficient,0.0
566150,sports,1,51411.119756,0.0,0.0,0.0,,0.4666666666666667,0.0,1.9998148555648587,0.7309812502002621,,,False,0.0,0.6665432370432391,3.17,10.0,low,"[""evening_activity"", ""volume_spikes""]",,,snapshot,1,25,insufficient,0.0
566154,sports,146,67502.300733,0.0,87.47109583333341,0.0,,0.4666666666666667,0.0,1.9062295599083896,0.6692221296637555,,,False,0.0,0.6041530399389264,3.01,10.0,low,"[""evening_activity"", ""volume_spikes""]",,,snapshot,146,25,insufficient,0.0
566155,sports,87,14612.178,0.0,52.894,0.0,,0.4666666666666667,0.0,1.0780462051004527,0.05772923361242542,,,False,0.0,0.052030803400301785,1.63,10.0,low,"[""evening_activity""]",,,snapshot,87,25,insufficient,0.0
566156,sports,35,74764.747,0.0,79.91984,0.0,,0.4666666666666667,0.0,2.846939914527821,0.8720385165657324,,,False,0.0,1.0,4.0,10.0,medium,"[""evening_activity"", ""volume_spikes""]",,,snapshot,35,25,insufficient,0.0
566158,sports,112,11203.776329,0.0,212.58623999999998,0.0,,0.4666666666666667,0.0,1.4280746839263003,0.31430389070178144,,,False,0.0,0.28538312261753357,2.21,10.0,low,"[""evening_activity""]",,,snapshot,112,25,insufficient,0.0
566160,sports,171,17661.751666,0.0,24.47387,0.0,,0.4666666666666667,0.0,1.2888559913353534,0.11449154832634588,,,False,0.0,0.19257066089023564,1.98,10.0,low,"[""evening_activity""]",,,snapshot,171,25,insufficient,0.0
566172,sports,0,7025.02,0.0,0.0,0.0,,0.4666666666666667,0.0,1.6461554344671618,0.5303923817882874,,,False,0.0,0.43077028964477454,2.58,10.0,low,"[""evening_activity""]",,,snapshot,0,25,insufficient,0.0
566196,sports,145,48040.727,0.0,114.087698,0.0,,0.4666666666666667,0.0,2.6368890793398925,0.9720429291272036,,,False,0.0,1.0,4.0,10.0,medium,"[""evening_activity"", ""volume_spikes""]",,,snapshot,145,25,insufficient,0.0
566199,sports,183,58947.902,0.0,81.1398093103448,0.0,,0.4666666666666667,0.0,2.1377463389749707,0.4649955903700951,,,False,0.0,0.7584975593166471,3.4,10.0,low,"[""evening_activity"", ""volume_spikes""]",,,snapshot,183,25,insufficient,0.0
566200,sports,151,53341.974,0.0,145.203289659574,0.0,,0.4666666666666667,0.0,2.5881520004547856,0.5755974547528119,,,False,0.0,1.0,4.0,10.0,medium,"[""evening_activity"", ""volume_spikes""]",,,snapshot,151,25,insufficient,0.0
566191,sports,0,30673.859391,0.0,0.0,0.0,,0.6666666666666666,0.0,1.0,0.0,,,False,0.0,0.0,1.5,10.0,low,"[""evening_activity""]",,,snapshot,0,25,insufficient,0.0
566201,sports,122,34775.114,0.0,128.275596,0.0,,0.4666666666666667,0.0,1.5896245500291621,0.3296592678253458,,,False,0.0,0.3930830333527748,2.48,10.0,low,"[""evening_activity""]",,,snapshot,122,25,insufficient,0.0
566202,sports,173,60690.027,0.0,23.755221,0.0,,0.4666666666666667,0.0,1.8196418936618752,0.5001395075094094,,,False,0.0,0.5464279291079168,2.87,10.0,low,"[""evening_activity""]",,,snapshot,173,25,insufficient,0.0
566204,sports,178,35308.18,0.0,92.36754,0.0,,0.4666666666666667,0.0,2.17186212835903,0.5618251452217001,,,False,0.0,0.7812414189060201,3.45,10.0,low,"[""evening_activity"", ""volume_spikes""]",,,snapshot,178,25,insufficient,0.0
566238,sports,0,12175.279,0.0,0.0,0.0,,0.4666666666666667,0.0,1.7952311378514336,0.39662160078712594,,,False,0.0,0.5301540919009557,2.83,10.0,low,"[""evening_activity""]",,,snapshot,0,25,insufficient,0.0
540208,sports,98,37613.811461,0.0,2.9541608,0.0,,0.4666666666666667,0.0,1.3249757728601321,0.23365726760078973,,,False,0.0,0.21665051524008808,2.04,10.0,low,"[""evening_activity""]",,,snapshot,98,25,insufficient,0.0
540216,sports,0,0.0,0.0,0.0,0.0,,0.4666666666666667,0.0,0.0,0.0,,,False,0.0,0.0,1.5,10.0,low,"[""evening_activity""]",,,snapshot,0,25,insufficient,0.0
540217,sports,292,27224.36334,0.0,5.93343137931035,0.0,,0.4666666666666667,0.0,1.24873542777904,0.20129037246156956,,,False,0.0,0.16582361851935992,1.91,10.0,low,"[""evening_activity""]",,,snapshot,292,25,insufficient,0.0
540223,sports,217,67405.013583,0.0,3.860275533333335,0.0,,0.4666666666666667,0.0,1.6590025102759571,0.25923557641034484,,,False,0.0,0.4393350068506381,2.6,10.0,low,"[""evening_activity""]",,,snapshot,217,25,insufficient,0.0
553861,sports,222,105930.551,0.0,21.978,0.0,,0.4666666666666667,0.0,1.9294363965094956,0.7518561111230893,,,False,0.0,0.6196242643396638,3.05,10.0,low,"[""evening_activity"", ""volume_spikes""]",,,snapshot,222,25,insufficient,0.0
563368,crypto,972,4381537.624361,0.0,92.21548818571425,0.0,,0.4666666666666667,0.0,1.3087535995320199,0.24562250544387393,,,False,0.0,0.20583573302134658,2.01,10.0,low,"[""evening_activity""]",,,snapshot,972,25,insufficient,0.0
566152,sports,60,47272.047481,0.0,201.23666,0.0,,0.4666666666666667,0.0,1.6450233930113294,0.16661997964406336,,,False,0.0,0.43001559534088624,2.58,10.0,low,"[""evening_activity""]",,,snapshot,60,25,insufficient,0.0
566157,sports,58,236368.063,0.0,67.49067,0.0,,0.4666666666666667,0.0,1.5589100549670591,0.3850639268396324,,,False,0.0,0.37260670331137274,2.43,10.0,low,"[""evening_activity""]",,,snapshot,58,25,insufficient,0.0
566165,sports,29,102677.174427,0.0,56.81184,0.0,,0.4666666666666667,0.0,1.2017171291216078,0.07741086048484173,,,False,0.0,0.13447808608107184,1.84,10.0,low,"[""evening_activity""]",,,snapshot,29,25,insufficient,0.0
566187,sports,235,23635.428889,0.0,10.1,0.0,,0.4666666666666667,0.0,1.6816275504420757,0.3381411674715613,,,False,0.0,0.45441836696138377,2.64,10.0,low,"[""evening_activity""]",,,snapshot,235,25,insufficient,0.0
566188,sports,149,33823.018342,0.0,42.94780000000005,0.0,,0.4666666666666667,0.0,2.1913636807790025,0.6695285364373279,,,False,0.0,0.7942424538526683,3.49,10.0,low,"[""evening_activity"", ""volume_spikes""]",,,snapshot,149,25,insufficient,0.0
566189,sports,120,21428.759085,0.0,103.05578600000001,0.0,,0.4666666666666667,0.0,1.3308078084148098,0.22230319168045798,,,False,0.0,0.22053853894320655,2.05,10.0,low,"[""evening_activity""]",,,snapshot,120,25,insufficient,0.0
566190,sports,155,30072.718791,0.0,231.89596974999998,0.0,,0.4666666666666667,0.0,1.0692507296781544,0.04823341006896823,,,False,0.0,0.04616715311876959,1.62,10.0,low,"[""evening_activity""]",,,snapshot,155,25,insufficient,0.0
566192,sports,183,32225.726,0.0,110.34519800000001,0.0,,0.4666666666666667,0.0,1.1261311507745948,0.1351475629344955,,,False,0.0,0.08408743384972987,1.71,10.0,low,"[""evening_activity""]",,,snapshot,183,25,insufficient,0.0
567469,crypto,106,19540.573163,0.0,56.499998,0.0,,0.4666666666666667,0.0,1.8472554069637415,0.5073798020635566,,,False,0.0,0.5648369379758277,2.91,10.0,low,"[""evening_activity""]",,,snapshot,106,25,insufficient,0.0
567687,politics,65,100022.280362,0.0,275.53460331666645,0.0,,0.4666666666666667,0.0,1.3254736087665064,0.2415558308077766,,,False,0.0,0.21698240584433762,2.04,10.0,low,"[""evening_activity""]",,,snapshot,65,25,insufficient,0.0
569424,politics,10,1000.0,0.0,0.0,0.0,,0.4666666666666667,0.0,2.038992581550559,0.9751858626801009,,,False,0.0,0.6926617210337062,3.23,10.0,low,"[""evening_activity"", ""volume_spikes""]",,,snapshot,10,25,insufficient,0.0
569428,politics,0,5000.0,0.0,0.0,0.0,,0.4666666666666667,0.0,1.9756944444444444,0.8574544023597991,,,False,0.0,0.6504629629629629,3.13,10.0,low,"[""evening_activity"", ""volume_spikes""]",,,snapshot,0,25,insufficient,0.0
569431,politics,0,2142.74,0.0,0.0,0.0,,0.4666666666666667,0.0,4.3717333270463286,1.0543711777297182,,,False,0.0,1.0,4.0,10.0,medium,"[""evening_activity"", ""volume_spikes""]",,,snapshot,0,25,insufficient,0.0
569434,politics,0,0.0,0.0,0.0,0.0,,1.0,0.0,0.0,0.0,,,False,0.0,0.0,1.5,10.0,low,"[""evening_activity""]",,,snapshot,0,25,insufficient,0.0
569435,politics,0,25000.0,0.0,0.0,0.0,,0.4666666666666667,0.0,2.6186833865139434,1.2341541652677799,,,False,0.0,1.0,4.0,10.0,medium,"[""evening_activity"", ""volume_spikes""]",,,snapshot,0,25,insufficient,0.0
569436,politics,0,34460.885,0.0,0.0,0.0,,0.4666666666666667,0.0,4.090909090909091,1.7104443383842525,,,False,0.0,1.0,4.0,10.0,medium,"[""evening_activity"", ""volume_spikes""]",,,snapshot,0,25,insufficient,0.0
569437,politics,1,10202.537,0.0,0.0,0.0,,0.4666666666666667,0.0,1.4666319086470574,0.3580733178047047,,,False,0.0,0.3110879390980383,2.28,10.0,low,"[""evening_activity""]",,,snapshot,1,25,insufficient,0.0
569438,politics,0,32492.647,0.0,0.0,0.0,,0.4666666666666667,0.0,6.310009290823999,1.4417786161688355,,,False,0.0,1.0,4.0,10.0,medium,"[""evening_activity"", ""volume_spikes""]",,,snapshot,0,25,insufficient,0.0
569440,politics,1,770.05,0.0,0.0,0.0,,0.4666666666666667,0.0,1.96978957268162,0.8965168546681729,,,False,0.0,0.6465263817877466,3.12,10.0,low,"[""evening_activity"", ""volume_spikes""]",,,snapshot,1,25,insufficient,0.0
570270,crypto,0,4379.61,0.0,0.0,0.0,,0.4666666666666667,0.0,1.8163372959711257,0.6058936177655921,,,False,0.0,0.5442248639807504,2.86,10.0,low,"[""evening_activity""]",,,snapshot,0,25,insufficient,0.0
572403,crypto,2,2167.967883,0.0,0.0,0.0,,0.4666666666666667,0.0,1.6624398701519167,0.36858170673922724,,,False,0.0,0.4416265801012778,2.6,10.0,low,"[""evening_activity""]",,,snapshot,2,25,insufficient,0.0
572470,politics,219,107763.474747,0.0,17.8477495086207,0.0,,0.4666666666666667,0.0,1.2749343846299543,0.1351679069261163,,,False,0.0,0.1832895897533029,1.96,10.0,low,"[""evening_activity""]",,,snapshot,219,25,insufficient,0.0
572472,politics,24,44442.96,0.0,0.0,0.0,,0.4666666666666667,0.0,2.0895679508841867,0.6077658762853987,,,False,0.0,0.7263786339227911,3.32,10.0,low,"[""evening_activity"", ""volume_spikes""]",,,snapshot,24,25,insufficient,0.0
572477,politics,0,460340.0,0.0,0.0,0.0,,0.4666666666666667,0.0,1.1998536827836457,0.11150737715846125,,,False,0.0,0.13323578852243045,1.83,10.0,low,"[""evening_activity""]",,,snapshot,0,25,insufficient,0.0
572489,politics,29,162219.35,0.0,10.0,0.0,,0.4666666666666667,0.0,2.784670191651071,1.1602205894438804,,,False,0.0,1.0,4.0,10.0,medium,"[""evening_activity"", ""volume_spikes""]",,,snapshot,29,25,insufficient,0.0
572494,politics,0,2000.0,0.0,0.0,0.0,,0.4666666666666667,0.0,1.79305912596401,0.5055614859955402,,,False,0.0,0.5287060839760067,2.82,10.0,low,"[""evening_activity""]",,,snapshot,0,25,insufficient,0.0
573652,crypto,0,0.0,0.0,0.0,0.0,,0.4666666666666667,0.0,0.0,0.0,,,False,0.0,0.0,1.5,10.0,low,"[""evening_activity""]",,,snapshot,0,25,insufficient,0.0
573653,crypto,1,11221.391513,0.0,0.0,0.0,,0.4666666666666667,0.0,3.1696342136514146,1.1646145675452564,,,False,0.0,1.0,4.0,10.0,medium,"[""evening_activity"", ""volume_spikes""]",,,snapshot,1,25,insufficient,0.0
574068,crypto,204,172768.490032,0.0,4.995,0.0,,0.4666666666666667,0.0,1.726264578965939,0.6406298961680476,,,False,0.0,0.4841763859772927,2.71,10.0,low,"[""evening_activity""]",,,snapshot,204,25,insufficient,0.0
516713,crypto,0,18309.192142,0.0,0.0,0.0,,0.4666666666666667,0.0,1.9953371479128645,0.6199763739009723,,,False,0.0,0.6635580986085764,3.16,10.0,low,"[""evening_activity"", ""volume_spikes""]",,,snapshot,0,25,insufficient,0.0
518874,crypto,0,0.0,0.0,0.0,0.0,,0.4666666666666667,0.0,1.5890651376921763,0.7331768982360637,,,False,0.0,0.39271009179478417,2.48,10.0,low,"[""evening_activity""]",,,snapshot,0,25,insufficient,0.0
516716,politics,641,48745.4657289999,0.0,9.54285514285715,0.0,,0.556390977443609,0.0,2.531366657509721,0.572064879003229,,,False,0.0,1.0,4.0,10.0,medium,"[""evening_activity"", ""volume_spikes""]",,,snapshot,641,25,insufficient,0.0
516719,politics,619,1689529.400758,0.0,15.9060114,0.0,,0.556390977443609,0.0,1.2341473393182056,0.12405342270063684,,,False,0.0,0.1560982262121371,1.89,10.0,low,"[""evening_activity""]",,,snapshot,619,25,insufficient,0.0
516861,crypto,139,138160.62,0.0,107.1927,0.0,,0.556390977443609,0.0,1.7815019066899374,0.64052396082015,,,False,0.0,0.5210012711266249,2.8,10.0,low,"[""evening_activity""]",,,snapshot,139,25,insufficient,0.0
516862,crypto,42,11185.71,0.0,1406.62197,0.0,,0.556390977443609,0.0,1.9522639094881873,0.7500252800755163,,,False,0.0,0.6348426063254582,3.09,10.0,low,"[""evening_activity"", ""volume_spikes""]",,,snapshot,42,25,insufficient,0.0
516863,crypto,30,21293.31,0.0,4.995,0.0,,0.556390977443609,0.0,2.000192939754362,0.8048508744871608,,,False,0.0,0.6667952931695748,3.17,10.0,low,"[""evening_activity"", ""volume_spikes""]",,,snapshot,30,25,insufficient,0.0
516864,crypto,883,84649.48,297.28712107086733,319.7367583926555,0.35,,0.556390977443609,0.0,1.6777441691480097,0.4743597645223416,,,False,0.5833333333333334,0.45182944609867315,5.25,10.0,medium,"[""evening_activity""]",,,snapshot,883,25,insufficient,0.0
516865,crypto,327,267540.006997,0.0,62.93388,0.0,,0.556390977443609,0.0,1.8875159415807787,0.4587008739016692,,,False,0.0,0.5916772943871859,2.98,10.0,low,"[""evening_activity""]",,,snapshot,327,25,insufficient,0.0
516866,crypto,0,0.0,0.0,0.0,0.0,,0.556390977443609,0.0,0.0,0.0,,,False,0.0,0.0,1.5,10.0,low,"[""evening_activity""]",,,snapshot,0,25,insufficient,0.0
516867,crypto,0,0.0,0.0,0.0,0.0,,0.556390977443609,0.0,0.0,0.0,,,False,0.0,0.0,1.5,10.0,low,"[""evening_activity""]",,,snapshot,0,25,insufficient,0.0
516871,crypto,97,88206.442878,0.0,60.93528,0.0,,0.556390977443609,0.0,1.1673027697474105,0.08991557543940716,,,False,0.0,0.11153517983160703,1.78,10.0,low,"[""evening_activity""]",,,snapshot,97,25,insufficient,0.0
516872,crypto,252,81383.306091,0.0,45.61323,0.0,,0.556390977443609,0.0,3.2478504433208757,0.6136120424918139,,,False,0.0,1.0,4.0,10.0,medium,"[""evening_activity"", ""volume_spikes""]",,,snapshot,252,25,insufficient,0.0
516873,crypto,865,127931.218,0.0,28.9786475172414,0.0,,0.556390977443609,0.0,1.6690453389841176,0.26635777591721,,,False,0.0,0.4460302259894117,2.62,10.0,low,"[""evening_activity""]",,,snapshot,865,25,insufficient,0.0
516874,crypto,413,49858.124252,0.0,3424.4775950000003,0.0,,0.556390977443609,0.0,1.7463188560682175,0.47643108694256375,,,False,0.0,0.4975459040454783,2.74,10.0,low,"[""evening_activity""]",,,snapshot,413,25,insufficient,0.0
516875,crypto,29,1916.81,0.0,5.988,0.0,,0.556390977443609,0.0,1.619173974137606,0.6800551226791585,,,False,0.0,0.41278264942507076,2.53,10.0,low,"[""evening_activity""]",,,snapshot,29,25,insufficient,0.0
516876,crypto,627,74450.458965,64.48733455648002,49.845769,0.7,,0.556390977443609,0.0,1.80048072796664,0.45005038090362004,,,False,1.0,0.5336538186444266,7.33,10.0,high,"[""small_trade_bias"", ""evening_activity""]",,,snapshot,627,25,insufficient,0.0
516877,crypto,177,19961.358314,0.0,15.564999,0.0,,0.556390977443609,0.0,1.3938404851999688,0.29166577747227557,,,False,0.0,0.2625603234666459,2.16,10.0,low,"[""evening_activity""]",,,snapshot,177,25,insufficient,0.0
516878,crypto,361,94467.77692,0.0,4.0,0.0,,0.556390977443609,0.0,1.453572246070471,0.3634177591125811,,,False,0.0,0.302381497380314,2.26,10.0,low,"[""evening_activity""]",,,snapshot,361,25,insufficient,0.0
516879,crypto,0,0.0,0.0,0.0,0.0,,0.556390977443609,0.0,0.0,0.0,,,False,0.0,0.0,1.5,10.0,low,"[""evening_activity""]",,,snapshot,0,25,insufficient,0.0
516884,crypto,668,162753.747016,0.0,4.493499999999996,0.0,,0.556390977443609,0.0,1.3184572718607988,0.36308617187479636,,,False,0.0,0.21230484790719917,2.03,10.0,low,"[""evening_activity""]",,,snapshot,668,25,insufficient,0.0
516937,crypto,111,61062.008695,0.0,5.869998,0.0,,0.556390977443609,0.0,1.223466174972949,0.17343891854027124,,,False,0.0,0.14897744998196596,1.87,10.0,low,"[""evening_activity""]",,,snapshot,111,25,insufficient,0.0
516947,politics,1020,1335145.119888,735.2236228154197,93.154,0.2,,0.556390977443609,0.0,1.5038425595911218,0.18080043909005494,,,False,0.33333333333333337,0.3358950397274145,3.84,10.0,low,"[""evening_activity""]",,,snapshot,1020,25,insufficient,0.0
520630,politics,796,317476.556309,65.4419648645491,22.6019509736842,0.7,,0.556390977443609,0.0,2.1486803836566253,0.7894831172574779,,,False,1.0,0.7657869224377502,7.91,10.0,high,"[""small_trade_bias"", ""evening_activity"", ""volume_spikes""]",,,snapshot,796,25,insufficient,0.0
520930,politics,71,6907.385126,0.0,166.49052899999998,0.0,,0.556390977443609,0.0,1.410918043513535,0.46625326873372896,,,False,0.0,0.2739453623423566,2.18,10.0,low,"[""evening_activity""]",,,snapshot,71,25,insufficient,0.0
527828,crypto,2,1209.28,0.0,2.06793,0.0,,0.556390977443609,0.0,1.4855046066309057,0.34229292970174763,,,False,0.0,0.3236697377539371,2.31,10.0,low,"[""evening_activity""]",,,snapshot,2,25,insufficient,0.0
540206,sports,0,0.0,0.0,0.0,0.0,,0.556390977443609,0.0,0.0,0.0,,,False,0.0,0.0,1.5,10.0,low,"[""evening_activity""]",,,snapshot,0,25,insufficient,0.0
540207,sports,0,0.0,0.0,0.0,0.0,,0.556390977443609,0.0,0.0,0.0,,,False,0.0,0.0,1.5,10.0,low,"[""evening_activity""]",,,snapshot,0,25,insufficient,0.0
540209,sports,536,62939.799896,0.0,5.54767719298246,0.0,,0.556390977443609,0.0,1.3811603221104758,0.1804560650566593,,,False,0.0,0.25410688140698384,2.14,10.0,low,"[""evening_activity""]",,,snapshot,536,25,insufficient,0.0
540210,sports,846,361845.799474,30.76996346106175,4.64772,0.7,,0.556390977443609,0.0,1.3975416922910011,0.23996954994058473,,,False,1.0,0.2650277948606674,6.66,10.0,medium,"[""small_trade_bias"", ""evening_activity""]",,,snapshot,846,25,insufficient,0.0
540211,sports,638,40388.013434,0.0,6.978845,0.0,,0.556390977443609,0.0,1.5066304761253402,0.340161508236799,,,False,0.0,0.3377536507502268,2.34,10.0,low,"[""evening_activity""]",,,snapshot,638,25,insufficient,0.0
540212,sports,0,0.0,0.0,0.0,0.0,,0.556390977443609,0.0,0.0,0.0,,,False,0.0,0.0,1.5,10.0,low,"[""evening_activity""]",,,snapshot,0,25,insufficient,0.0
540213,sports,0,0.0,0.0,0.0,0.0,,0.556390977443609,0.0,0.0,0.0,,,False,0.0,0.0,1.5,10.0,low,"[""evening_activity""]",,,snapshot,0,25,insufficient,0.0
540214,sports,0,0.0,0.0,0.0,0.0,,0.556390977443609,0.0,0.0,0.0,,,False,0.0,0.0,1.5,10.0,low,"[""evening_activity""]",,,snapshot,0,25,insufficient,0.0
540215,sports,628,45702.791441,0.0,9.98082,0.0,,0.556390977443609,0.0,1.320068128528226,0.2542218298238016,,,False,0.0,0.21337875235215073,2.03,10.0,low,"[""evening_activity""]",,,snapshot,628,25,insufficient,0.0
540218,sports,774,61428.108001,0.0,5.3912297807017495,0.0,,0.556390977443609,0.0,1.674373319558454,0.2286843246948278,,,False,0.0,0.44958221303896934,2.62,10.0,low,"[""evening_activity""]",,,snapshot,774,25,insufficient,0.0
540219,sports,0,0.0,0.0,0.0,0.0,,0.556390977443609,0.0,0.0,0.0,,,False,0.0,0.0,1.5,10.0,low,"[""evening_activity""]",,,snapshot,0,25,insufficient,0.0
540220,sports,628,54246.655254,0.0,5.29875,0.0,,0.556390977443609,0.0,1.1548287910906665,0.13893667607871005,,,False,0.0,0.10321919406044433,1.76,10.0,low,"[""evening_activity""]",,,snapshot,628,25,insufficient,0.0
540221,sports,0,0.0,0.0,0.0,0.0,,0.556390977443609,0.0,0.0,0.0,,,False,0.0,0.0,1.5,10.0,low,"[""evening_activity""]",,,snapshot,0,25,insufficient,0.0
540222,sports,0,0.0,0.0,0.0,0.0,,0.556390977443609,0.0,0.0,0.0,,,False,0.0,0.0,1.5,10.0,low,"[""evening_activity""]",,,snapshot,0,25,insufficient,0.0
540224,sports,763,84978.630809,29.056777242745028,9.9745,0.7,,0.556390977443609,0.0,1.1979442861635266,0.13052063269801958,,,False,1.0,0.13196285744235103,6.33,10.0,medium,"[""small_trade_bias"", ""evening_activity""]",,,snapshot,763,25,insufficient,0.0
540225,sports,0,0.0,0.0,0.0,0.0,,0.556390977443609,0.0,0.0,0.0,,,False,0.0,0.0,1.5,10.0,low,"[""evening_activity""]",,,snapshot,0,25,insufficient,0.0
540226,sports,0,0.0,0.0,0.0,0.0,,0.556390977443609,0.0,0.0,0.0,,,False,0.0,0.0,1.5,10.0,low,"[""evening_activity""]",,,snapshot,0,25,insufficient,0.0
540227,sports,641,49550.087882,0.0,7.522573548387095,0.0,,0.556390977443609,0.0,1.2877213924176836,0.19828655909652565,,,False,0.0,0.19181426161178905,1.98,10.0,low,"[""evening_activity""]",,,snapshot,641,25,insufficient,0.0
540228,sports,0,0.0,0.0,0.0,0.0,,0.556390977443609,0.0,0.0,0.0,,,False,0.0,0.0,1.5,10.0,low,"[""evening_activity""]",,,snapshot,0,25,insufficient,0.0
540229,sports,0,0.0,0.0,0.0,0.0,,0.556390977443609,0.0,0.0,0.0,,,False,0.0,0.0,1.5,10.0,low,"[""evening_activity""]",,,snapshot,0,25,insufficient,0.0
540230,sports,0,0.0,0.0,0.0,0.0,,0.556390977443609,0.0,0.0,0.0,,,False,0.0,0.0,1.5,10.0,low,"[""evening_activity""]",,,snapshot,0,25,insufficient,0.0
540232,sports,623,51885.279472,0.0,4.99928,0.0,,0.556390977443609,0.0,1.281631750416215,0.177872986356737,,,False,0.0,0.18775450027747662,1.97,10.0,low,"[""evening_activity""]",,,snapshot,623,25,insufficient,0.0
540233,sports,725,193026.434701,0.0,5.52056275862069,0.0,,0.556390977443609,0.0,1.6277486260353917,0.38846120793207767,,,False,0.0,0.4184990840235945,2.55,10.0,low,"[""evening_activity""]",,,snapshot,725,25,insufficient,0.0
540234,sports,619,38720.447949,0.0,5.15563226315789,0.0,,0.556390977443609,0.0,1.9289828224470547,0.6943200332123153,,,False,0.0,0.6193218816313698,3.05,10.0,low,"[""evening_activity"", ""volume_spikes""]",,,snapshot,619,25,insufficient,0.0
540235,sports,832,773456.221863,0.0,5.27139929824561,0.0,,0.556390977443609,0.0,3.399923350178934,0.9309350489451692,,,False,0.0,1.0,4.0,10.0,medium,"[""evening_activity"", ""volume_spikes""]",,,snapshot,832,25,insufficient,0.0
540236,sports,0,0.0,0.0,0.0,0.0,,0.556390977443609,0.0,0.0,0.0,,,False,0.0,0.0,1.5,10.0,low,"[""evening_activity""]",,,snapshot,0,25,insufficient,0.0
540237,sports,0,0.0,0.0,0.0,0.0,,0.556390977443609,0.0,0.0,0.0,,,False,0.0,0.0,1.5,10.0,low,"[""evening_activity""]",,,snapshot,0,25,insufficient,0.0
551963,politics,910,817522.684892,367.0671694759853,72.754399,0.35,,0.556390977443609,0.0,1.6722730278876088,0.1924172176878424,,,False,0.5833333333333334,0.4481820185917392,5.25,10.0,medium,"[""evening_activity""]",,,snapshot,910,25,insufficient,0.0
553874,sports,453,647271.598336,0.0,62.56279166666665,0.0,,0.556390977443609,0.0,1.5231309261722477,0.44258383297294507,,,False,0.0,0.34875395078149846,2.37,10.0,low,"[""evening_activity""]",,,snapshot,453,25,insufficient,0.0
553875,sports,486,214456.423,0.0,61.93364,0.0,,0.556390977443609,0.0,4.2054510353982275,0.9115559431000996,,,False,0.0,1.0,4.0,10.0,medium,"[""evening_activity"", ""volume_spikes""]",,,snapshot,486,25,insufficient,0.0
553877,sports,348,58970.672981,0.0,53.9706,0.0,,0.556390977443609,0.0,2.0531787182116648,0.5454837433770303,,,False,0.0,0.7021191454744432,3.26,10.0,low,"[""evening_activity"", ""volume_spikes""]",,,snapshot,348,25,insufficient,0.0
553878,sports,301,41309.750116,0.0,43.249081228070196,0.0,,0.556390977443609,0.0,1.5135009678484461,0.47812297854288466,,,False,0.0,0.34233397856563075,2.36,10.0,low,"[""evening_activity""]",,,snapshot,301,25,insufficient,0.0
553879,sports,411,79675.845,0.0,45.209962,0.0,,0.556390977443609,0.0,1.4316773984471134,0.5857745544112405,,,False,0.0,0.2877849322980756,2.22,10.0,low,"[""evening_activity""]",,,snapshot,411,25,insufficient,0.0
553880,sports,325,64979.967666,0.0,11.975,0.0,,0.556390977443609,0.0,1.4305227065574475,0.5832857064659279,,,False,0.0,0.287015137704965,2.22,10.0,low,"[""evening_activity""]",,,snapshot,325,25,insufficient,0.0
553882,sports,405,102867.89,0.0,49.946004,0.0,,0.556390977443609,0.0,1.4892781099941876,0.4792021743070183,,,False,0.0,0.3261854066627918,2.32,10.0,low,"[""evening_activity""]",,,snapshot,405,25,insufficient,0.0
553883,sports,341,101284.08,0.0,39.476974999999996,0.0,,0.556390977443609,0.0,1.2075043891018784,0.20713911475570176,,,False,0.0,0.13833625940125227,1.85,10.0,low,"[""evening_activity""]",,,snapshot,341,25,insufficient,0.0
553884,sports,348,62665.1765,0.0,69.72944875,0.0,,0.556390977443609,0.0,1.3913373263108897,0.5507639530011984,,,False,0.0,0.26089155087392646,2.15,10.0,low,"[""evening_activity""]",,,snapshot,348,25,insufficient,0.0
553885,sports,297,275264.454333,0.0,15.01528,0.0,,0.556390977443609,0.0,1.5161068256931507,0.30127162203423935,,,False,0.0,0.34407121712876715,2.36,10.0,low,"[""evening_activity""]",,,snapshot,297,25,insufficient,0.0
556033,crypto,2598,4949872.612582,301.3007485514347,71.7788886388889,0.35,,0.556390977443609,0.0,3.2697148532666414,0.981454541328782,,,False,0.5833333333333334,1.0,6.62,10.0,medium,"[""evening_activity"", ""volume_spikes""]",,,snapshot,2598,25,insufficient,0.0
556034,crypto,776,716003.373872,69.53901907504616,70.3426847407407,0.7,,0.556390977443609,0.0,1.553004923493768,0.20495966208880048,,,False,1.0,0.3686699489958453,6.92,10.0,medium,"[""small_trade_bias"", ""evening_activity""]",,,snapshot,776,25,insufficient,0.0
556062,crypto,103,14381.81805,0.0,9.7584,0.0,,0.556390977443609,0.0,1.6365013639520372,0.30342810953027977,,,False,0.0,0.42433424263469144,2.56,10.0,low,"[""evening_activity""]",,,snapshot,103,25,insufficient,0.0
556077,crypto,6604,10262325.710978,194.65297276315974,100.991123529412,0.5,,0.6571428571428571,0.0,4.284288528969363,0.5952865769528789,,,False,0.8333333333333334,1.0,7.75,10.0,high,"[""small_trade_bias"", ""evening_activity"", ""volume_spikes""]",,,snapshot,6604,25,insufficient,0.0
556122,crypto,477,67046.302057,0.0,15.944998,0.0,,0.556390977443609,0.0,3.1354081356931083,0.7550792557047694,,,False,0.0,1.0,4.0,10.0,medium,"[""evening_activity"", ""volume_spikes""]",,,snapshot,477,25,insufficient,0.0
558957,sports,103,11592.112,0.0,50.94291,0.0,,0.556390977443609,0.0,1.2732655172622864,0.17300981732246318,,,False,0.0,0.18217701150819096,1.96,10.0,low,"[""evening_activity""]",,,snapshot,103,25,insufficient,0.0
558960,sports,72,18293.111,0.0,55.44399,0.0,,0.556390977443609,0.0,1.4010350861012895,0.12258448913513738,,,False,0.0,0.2673567240675263,2.17,10.0,low,"[""evening_activity""]",,,snapshot,72,25,insufficient,0.0
558978,sports,62,25338.996,0.0,10.549998,0.0,,0.556390977443609,0.0,1.9233161642340995,0.6283501428938246,,,False,0.0,0.6155441094893996,3.04,10.0,low,"[""evening_activity"", ""volume_spikes""]",,,snapshot,62,25,insufficient,0.0
559664,politics,133,29532.5996,0.0,8.0017,0.0,,0.556390977443609,0.0,1.3688528977420156,0.37688781227629875,,,False,0.0,0.24590193182801037,2.11,10.0,low,"[""evening_activity""]",,,snapshot,133,25,insufficient,0.0
559666,politics,179,16651.4748,0.0,7.999999,0.0,,0.556390977443609,0.0,1.6605263821006775,0.4071201128952191,,,False,0.0,0.4403509214004517,2.6,10.0,low,"[""evening_activity""]",,,snapshot,179,25,insufficient,0.0
559670,politics,112,38037.93875,0.0,52.201925,0.0,,0.556390977443609,0.0,1.6099996407957553,0.39177481366962374,,,False,0.0,0.4066664271971702,2.52,10.0,low,"[""evening_activity""]",,,snapshot,112,25,insufficient,0.0
559671,politics,46,24587.147164,0.0,228.909916,0.0,,0.556390977443609,0.0,1.6588492713504217,0.6206531549401653,,,False,0.0,0.4392328475669478,2.6,10.0,low,"[""evening_activity""]",,,snapshot,46,25,insufficient,0.0
559672,politics,79,58239.606496,0.0,8.9932455,0.0,,0.556390977443609,0.0,1.6233805262995966,0.5108870117469211,,,False,0.0,0.41558701753306443,2.54,10.0,low,"[""evening_activity""]",,,snapshot,79,25,insufficient,0.0
559676,politics,150,28020.869163,0.0,83.36850000000001,0.0,,0.556390977443609,0.0,1.7014514870274744,0.7023191558086799,,,False,0.0,0.46763432468498295,2.67,10.0,low,"[""evening_activity""]",,,snapshot,150,25,insufficient,0.0
559677,politics,20,24394.4164,0.0,4.999875,0.0,,0.556390977443609,0.0,1.4123416695893347,0.21982128022409442,,,False,0.0,0.2748944463928898,2.19,10.0,low,"[""evening_activity""]",,,snapshot,20,25,insufficient,0.0
559678,politics,176,14067.3808,0.0,5.99985,0.0,,0.556390977443609,0.0,1.7417668147172183,0.5128602679449602,,,False,0.0,0.49451120981147884,2.74,10.0,low,"[""evening_activity""]",,,snapshot,176,25,insufficient,0.0
559679,politics,164,102068.48675,0.0,5.9899,0.0,,0.556390977443609,0.0,4.178217487947233,0.8532616009566167,,,False,0.0,1.0,4.0,10.0,medium,"[""evening_activity"", ""volume_spikes""]",,,snapshot,164,25,insufficient,0.0
559680,politics,101,23102.7978,0.0,29.872487,0.0,,0.556390977443609,0.0,1.2113682247472797,0.183002171847145,,,False,0.0,0.14091214983151978,1.85,10.0,low,"[""evening_activity""]",,,snapshot,101,25,insufficient,0.0
559681,politics,31,66259.371625,0.0,173.38649600000002,0.0,,0.556390977443609,0.0,2.576370902663685,0.6742797184747353,,,False,0.0,1.0,4.0,10.0,medium,"[""evening_activity"", ""volume_spikes""]",,,snapshot,31,25,insufficient,0.0
559682,politics,128,51158.686,0.0,47.71025,0.0,,0.556390977443609,0.0,1.868765683650137,0.26168055966551285,,,False,0.0,0.5791771224334247,2.95,10.0,low,"[""evening_activity""]",,,snapshot,128,25,insufficient,0.0
559683,politics,90,47423.8594,0.0,6.4968225,0.0,,0.556390977443609,0.0,1.2054201751755904,0.2229350825372307,,,False,0.0,0.1369467834503936,1.84,10.0,low,"[""evening_activity""]",,,snapshot,90,25,insufficient,0.0
559684,politics,61,50028.0356,0.0,7.99176,0.0,,0.556390977443609,0.0,1.4357159362443201,0.32979750844271805,,,False,0.0,0.29047729082954676,2.23,10.0,low,"[""evening_activity""]",,,snapshot,61,25,insufficient,0.0
559685,politics,85,44407.2668,0.0,6.999825,0.0,,0.556390977443609,0.0,1.1076450334771892,0.1282381697099131,,,False,0.0,0.07176335565145948,1.68,10.0,low,"[""evening_activity""]",,,snapshot,85,25,insufficient,0.0
559687,politics,432,235474.04475,0.0,5.9899,0.0,,0.556390977443609,0.0,1.9376698258052176,0.5463971869143555,,,False,0.0,0.6251132172034785,3.06,10.0,low,"[""evening_activity"", ""volume_spikes""]",,,snapshot,432,25,insufficient,0.0
559688,politics,102,21117.549,0.0,8.999974,0.0,,0.556390977443609,0.0,1.772404533693179,0.5484194055666514,,,False,0.0,0.5149363557954527,2.79,10.0,low,"[""evening_activity""]",,,snapshot,102,25,insufficient,0.0
559689,politics,112,38283.2475,0.0,49.95,0.0,,0.556390977443609,0.0,1.265208474167594,0.15695295752088792,,,False,0.0,0.17680564944506263,1.94,10.0,low,"[""evening_activity""]",,,snapshot,112,25,insufficient,0.0
559690,politics,154,23047.042662,0.0,26.64189794117645,0.0,,0.556390977443609,0.0,1.459476502057393,0.24812430122340437,,,False,0.0,0.306317668038262,2.27,10.0,low,"[""evening_activity""]",,,snapshot,154,25,insufficient,0.0
561240,politics,43,13030.892,0.0,66.429,0.0,,0.556390977443609,0.0,1.3845055653133491,0.20992823871062818,,,False,0.0,0.25633704354223275,2.14,10.0,low,"[""evening_activity""]",,,snapshot,43,25,insufficient,0.0
561242,politics,223,20242.005706,0.0,7.999891,0.0,,0.556390977443609,0.0,1.4421488452943474,0.3356853262506917,,,False,0.0,0.2947658968628983,2.24,10.0,low,"[""evening_activity""]",,,snapshot,223,25,insufficient,0.0
561245,politics,223,187579.777704,0.0,42.9536,0.0,,0.556390977443609,0.0,2.1674050358180637,0.710961735943256,,,False,0.0,0.7782700238787091,3.45,10.0,low,"[""evening_activity"", ""volume_spikes""]",,,snapshot,223,25,insufficient,0.0
561247,politics,58,20976.107563,0.0,27.99267,0.0,,0.556390977443609,0.0,1.5463002634067544,0.21080350855049912,,,False,0.0,0.36420017560450296,2.41,10.0,low,"[""evening_activity""]",,,snapshot,58,25,insufficient,0.0
561248,politics,172,91871.539662,0.0,61.442,0.0,,0.556390977443609,0.0,2.25174551648288,0.641246800094589,,,False,0.0,0.8344970109885868,3.59,10.0,low,"[""evening_activity"", ""volume_spikes""]",,,snapshot,172,25,insufficient,0.0
561249,politics,96,90572.050703,0.0,104.88912,0.0,,0.556390977443609,0.0,3.4314805171258356,0.6565167714467065,,,False,0.0,1.0,4.0,10.0,medium,"[""evening_activity"", ""volume_spikes""]",,,snapshot,96,25,insufficient,0.0
561250,politics,89,11184.314009,0.0,6.492785,0.0,,0.556390977443609,0.0,1.5038789785387074,0.4871336811874968,,,False,0.0,0.33591931902580496,2.34,10.0,low,"[""evening_activity""]",,,snapshot,89,25,insufficient,0.0
561251,politics,209,24659.936375,0.0,64.0371132394366,0.0,,0.556390977443609,0.0,1.7319898396491604,0.6031599993764676,,,False,0.0,0.4879932264327736,2.72,10.0,low,"[""evening_activity""]",,,snapshot,209,25,insufficient,0.0
561254,politics,113,20610.674,0.0,89.86528,0.0,,0.556390977443609,0.0,1.4658172779683076,0.4609403720645964,,,False,0.0,0.31054485197887177,2.28,10.0,low,"[""evening_activity""]",,,snapshot,113,25,insufficient,0.0
561990,politics,69,16323.800236,0.0,274.7943,0.0,,0.556390977443609,0.0,1.4044653727720928,0.30636518344784763,,,False,0.0,0.26964358184806186,2.17,10.0,low,"[""evening_activity""]",,,snapshot,69,25,insufficient,0.0
561992,politics,141,22304.412473,0.0,85.398,0.0,,0.556390977443609,0.0,1.6329826898526814,0.30607706194870093,,,False,0.0,0.42198845990178757,2.55,10.0,low,"[""evening_activity""]",,,snapshot,141,25,insufficient,0.0
561993,politics,38,55095.3738,0.0,70.250275,0.0,,0.556390977443609,0.0,1.909834186525238,0.5798894984508793,,,False,0.0,0.6065561243501586,3.02,10.0,low,"[""evening_activity"", ""volume_spikes""]",,,snapshot,38,25,insufficient,0.0
561994,politics,16,24804.311284,0.0,3.999945,0.0,,0.556390977443609,0.0,1.7984859839468228,0.37192502445661496,,,False,0.0,0.5323239892978818,2.83,10.0,low,"[""evening_activity""]",,,snapshot,16,25,insufficient,0.0
561995,politics,227,68077.460378,0.0,117.41128,0.0,,0.556390977443609,0.0,2.4956198478965614,1.1200421522467396,,,False,0.0,0.9970798985977076,3.99,10.0,low,"[""evening_activity"", ""volume_spikes""]",,,snapshot,227,25,insufficient,0.0
561999,politics,127,246347.72475,0.0,36.431000000000004,0.0,,0.556390977443609,0.0,1.8807614358608369,0.41557064888828554,,,False,0.0,0.5871742905738913,2.97,10.0,low,"[""evening_activity""]",,,snapshot,127,25,insufficient,0.0
574071,crypto,126,2171.55,0.0,122.69412,0.0,,0.556390977443609,0.0,2.3560506877530822,1.0117156677451473,,,False,0.0,0.9040337918353881,3.76,10.0,low,"[""evening_activity"", ""volume_spikes""]",,,snapshot,126,25,insufficient,0.0
574072,crypto,1364,1356582.67805,337.15276845061567,484.300762806452,0.35,,0.556390977443609,0.0,2.7369921032632116,1.0549194912486473,,,False,0.5833333333333334,1.0,6.62,10.0,medium,"[""evening_activity"", ""volume_spikes""]",,,snapshot,1364,25,insufficient,0.0
574073,crypto,91,67377.1,0.0,8.04195,0.0,,0.556390977443609,0.0,1.4775598429599028,0.451672976360873,,,False,0.0,0.3183732286399352,2.3,10.0,low,"[""evening_activity""]",,,snapshot,91,25,insufficient,0.0
576410,crypto,61,23924.37,0.0,147.2640465757575,0.0,,0.556390977443609,0.0,1.8709980157946824,0.646534481783774,,,False,0.0,0.5806653438631216,2.95,10.0,low,"[""evening_activity""]",,,snapshot,61,25,insufficient,0.0
601577,crypto,1001,2133339.130696,191.25921766137344,83.803549717161,0.5,,0.556390977443609,0.0,3.3338528347527903,0.8803645366716483,,,False,0.8333333333333334,1.0,7.75,10.0,high,"[""small_trade_bias"", ""evening_activity"", ""volume_spikes""]",,,snapshot,1001,25,insufficient,0.0
619977,crypto,0,0.0,0.0,0.0,0.0,,0.556390977443609,0.0,0.0,0.0,,,False,0.0,0.0,1.5,10.0,low,"[""evening_activity""]",,,snapshot,0,25,insufficient,0.0
620015,crypto,568,179014.706069,291.658297287513,18.4666531,0.35,,0.556390977443609,0.0,1.5430112510170215,0.3572805860293678,,,False,0.5833333333333334,0.36200750067801435,5.03,10.0,medium,"[""evening_activity""]",,,snapshot,568,25,insufficient,0.0
666217,crypto,306,81777.429307,0.0,39.999998,0.0,,0.556390977443609,0.0,1.4146767406888812,0.33460065458666344,,,False,0.0,0.2764511604592541,2.19,10.0,low,"[""evening_activity""]",,,snapshot,306,25,insufficient,0.0
666646,crypto,1904,2329861.320021,265.000926284166,69.1240874531249,0.35,,0.556390977443609,0.0,2.982952120119098,0.7659586257408957,,,False,0.5833333333333334,1.0,6.62,10.0,medium,"[""evening_activity"", ""volume_spikes""]",,,snapshot,1904,25,insufficient,0.0
686122,crypto,4878,13786184.466324,303.2093476823993,105.8964,0.35,,0.556390977443609,0.0,2.6890740717915183,0.8401048809980692,,,False,0.5833333333333334,1.0,6.62,10.0,medium,"[""evening_activity"", ""volume_spikes""]",,,snapshot,4878,25,insufficient,0.0
687200,crypto,1044,143065.66976,211.20349572042613,65.6738082758621,0.5,,0.556390977443609,0.0,1.6412847792233365,0.4042394015638259,,,False,0.8333333333333334,0.427523186148891,6.32,10.0,medium,"[""small_trade_bias"", ""evening_activity""]",,,snapshot,1044,25,insufficient,0.0
687778,crypto,252,150618.671998,0.0,12.935,0.0,,0.556390977443609,0.0,1.5289734136416055,0.3049214260586081,,,False,0.0,0.35264894242773703,2.38,10.0,low,"[""evening_activity""]",,,snapshot,252,25,insufficient,0.0
799384,crypto,353,64224.710175,0.0,1.07089333333333,0.0,,0.556390977443609,0.0,1.5566915149901839,0.3293019233003993,,,False,0.0,0.3711276766601226,2.43,10.0,low,"[""evening_activity""]",,,snapshot,353,25,insufficient,0.0
800432,crypto,1752,399963.537988,118.69208465288582,36.6793388983051,0.5,,0.556390977443609,0.0,1.4821134652044374,0.30494955491380565,,,False,0.8333333333333334,0.32140897680295827,6.05,10.0,medium,"[""small_trade_bias"", ""evening_activity""]",,,snapshot,1752,25,insufficient,0.0
800505,crypto,332,48528.101541,0.0,20.98685,0.0,,0.556390977443609,0.0,1.4288571570778048,0.22123511449409164,,,False,0.0,0.2859047713852032,2.21,10.0,low,"[""evening_activity""]",,,snapshot,332,25,insufficient,0.0
800789,crypto,461,73674.551144,204.26091022009567,14.9999655,0.5,,0.556390977443609,0.0,1.7833883327978122,0.47368785698036947,,,False,0.8333333333333334,0.5222588885318747,6.56,10.0,medium,"[""small_trade_bias"", ""evening_activity""]",,,snapshot,461,25,insufficient,0.0
574069,crypto,87,283.82,0.0,4.889106,0.0,,0.4666666666666667,0.0,1.3578586319134425,0.36484465715003955,,,False,0.0,0.2385724212756283,2.1,10.0,low,"[""evening_activity""]",,,snapshot,87,25,insufficient,0.0
574083,crypto,30,40806.726457,0.0,1.0,0.0,,0.4666666666666667,0.0,1.9307628613349925,0.663343814795172,,,False,0.0,0.6205085742233284,3.05,10.0,low,"[""evening_activity"", ""volume_spikes""]",,,snapshot,30,25,insufficient,0.0
574084,crypto,0,13089.73,0.0,0.0,0.0,,0.4666666666666667,0.0,2.169147732543658,0.8818221201711934,,,False,0.0,0.779431821695772,3.45,10.0,low,"[""evening_activity"", ""volume_spikes""]",,,snapshot,0,25,insufficient,0.0
574582,crypto,60,1962.16,0.0,56.189754,0.0,,0.4666666666666667,0.0,1.8930377572567887,0.7106464439937988,,,False,0.0,0.5953585048378591,2.99,10.0,low,"[""evening_activity""]",,,snapshot,60,25,insufficient,0.0
574583,crypto,0,0.0,0.0,0.0,0.0,,0.4666666666666667,0.0,0.0,0.0,,,False,0.0,0.0,1.5,10.0,low,"[""evening_activity""]",,,snapshot,0,25,insufficient,0.0
576411,crypto,29,1014.65,0.0,1.349998,0.0,,0.4666666666666667,0.0,1.6981352363311248,0.5676611344886919,,,False,0.0,0.4654234908874166,2.66,10.0,low,"[""evening_activity""]",,,snapshot,29,25,insufficient,0.0
576993,crypto,59,3385.7,0.0,1.249998,0.0,,0.4666666666666667,0.0,1.4573509099041269,0.5199105668890135,,,False,0.0,0.30490060660275126,2.26,10.0,low,"[""evening_activity""]",,,snapshot,59,25,insufficient,0.0
579306,politics,0,0.0,0.0,0.0,0.0,,0.4666666666666667,0.0,0.0,0.0,,,False,0.0,0.0,1.5,10.0,low,"[""evening_activity""]",,,snapshot,0,25,insufficient,0.0
581247,politics,0,0.0,0.0,0.0,0.0,,0.4666666666666667,0.0,0.0,0.0,,,False,0.0,0.0,1.5,10.0,low,"[""evening_activity""]",,,snapshot,0,25,insufficient,0.0
585593,politics,111,11238.181226,0.0,258.75783666666666,0.0,,0.4666666666666667,0.0,1.562664063420595,0.5277904325937495,,,False,0.0,0.37510937561373003,2.44,10.0,low,"[""evening_activity""]",,,snapshot,111,25,insufficient,0.0
587998,crypto,39,2213.001697,0.0,13.243697000000001,0.0,,0.3870967741935484,0.0,1.8377294238371655,0.6925819093285893,,,False,0.0,0.5584862825581104,2.9,10.0,low,"[""evening_activity""]",,,snapshot,39,25,insufficient,0.0
588775,politics,1778,2333329.58935,86.65812844069177,46.0616858636363,0.7,,0.4666666666666667,0.0,1.8887819049778376,0.6317577455242173,,,False,1.0,0.592521269985225,7.48,10.0,high,"[""small_trade_bias"", ""evening_activity""]",,,snapshot,1778,25,insufficient,0.0
598795,crypto,247,13274.506627,0.0,4.99499999999999,0.0,,0.4666666666666667,0.0,1.8032685651068805,0.6213385982053706,,,False,0.0,0.5355123767379203,2.84,10.0,low,"[""evening_activity""]",,,snapshot,247,25,insufficient,0.0
598930,crypto,62,70256.6645369999,0.0,446.009744,0.0,,0.4666666666666667,0.0,1.418117326576829,0.4241690040391522,,,False,0.0,0.27874488438455264,2.2,10.0,low,"[""evening_activity""]",,,snapshot,62,25,insufficient,0.0
602893,crypto,1,1986.645802,0.0,0.0,0.0,,0.4666666666666667,0.0,2.0435871952145543,0.7508494537935364,,,False,0.0,0.6957247968097029,3.24,10.0,low,"[""evening_activity"", ""volume_spikes""]",,,snapshot,1,25,insufficient,0.0
604067,crypto,35,93535.019752,0.0,18.489492,0.0,,0.4666666666666667,0.0,1.2366448639656127,0.2087714868876318,,,False,0.0,0.15776324264374178,1.89,10.0,low,"[""evening_activity""]",,,snapshot,35,25,insufficient,0.0
606843,crypto,67,259002.346263,0.0,98.9,0.0,,0.4666666666666667,0.0,2.085453391837373,0.4438637672397363,,,False,0.0,0.7236355945582487,3.31,10.0,low,"[""evening_activity"", ""volume_spikes""]",,,snapshot,67,25,insufficient,0.0
606844,crypto,62,116409.8284,0.0,17.169899,0.0,,0.4666666666666667,0.0,1.5483036054040245,0.20134748007926084,,,False,0.0,0.3655357369360163,2.41,10.0,low,"[""evening_activity""]",,,snapshot,62,25,insufficient,0.0
611035,crypto,26,58046.834176,0.0,119.999954,0.0,,0.4666666666666667,0.0,1.6979448781794475,0.6059697265169642,,,False,0.0,0.465296585452965,2.66,10.0,low,"[""evening_activity""]",,,snapshot,26,25,insufficient,0.0
620022,crypto,0,0.0,0.0,0.0,0.0,,0.4666666666666667,0.0,0.0,0.0,,,False,0.0,0.0,1.5,10.0,low,"[""evening_activity""]",,,snapshot,0,25,insufficient,0.0
620029,crypto,645,412755.000662,0.0,8.819998,0.0,,0.4666666666666667,0.0,2.466540080982008,0.7410852965786523,,,False,0.0,0.9776933873213386,3.94,10.0,low,"[""evening_activity"", ""volume_spikes""]",,,snapshot,645,25,insufficient,0.0
620947,crypto,0,8047.367055,0.0,0.0,0.0,,0.4666666666666667,0.0,2.842089502830237,0.7500644270852456,,,False,0.0,1.0,4.0,10.0,medium,"[""evening_activity"", ""volume_spikes""]",,,snapshot,0,25,insufficient,0.0
620948,crypto,26,14147.142165,0.0,1.0,0.0,,0.4666666666666667,0.0,1.9830364132620606,0.43820690684463837,,,False,0.0,0.6553576088413737,3.14,10.0,low,"[""evening_activity"", ""volume_spikes""]",,,snapshot,26,25,insufficient,0.0
621018,politics,0,0.0,0.0,0.0,0.0,,0.4666666666666667,0.0,0.0,0.0,,,False,0.0,0.0,1.5,10.0,low,"[""evening_activity""]",,,snapshot,0,25,insufficient,0.0
635529,politics,0,15386.985,0.0,0.0,0.0,,0.4666666666666667,0.0,4.090909090909091,1.7104443383842531,,,False,0.0,1.0,4.0,10.0,medium,"[""evening_activity"", ""volume_spikes""]",,,snapshot,0,25,insufficient,0.0
636111,crypto,0,15240.722657,0.0,0.0,0.0,,0.4666666666666667,0.0,3.622521333097006,0.7813343873883676,,,False,0.0,1.0,4.0,10.0,medium,"[""evening_activity"", ""volume_spikes""]",,,snapshot,0,25,insufficient,0.0
638492,crypto,613,383333.943463,0.0,50.262999,0.0,,0.4666666666666667,0.0,2.996775603905399,0.7987737974740964,,,False,0.0,1.0,4.0,10.0,medium,"[""evening_activity"", ""volume_spikes""]",,,snapshot,613,25,insufficient,0.0
639961,crypto,1,1276.723,0.0,0.0,0.0,,0.4666666666666667,0.0,1.8984633896067593,0.841473474737015,,,False,0.0,0.5989755930711729,3.0,10.0,low,"[""evening_activity""]",,,snapshot,1,25,insufficient,0.0
657287,crypto,56,5185.135109,0.0,12.124999500000001,0.0,,0.4666666666666667,0.0,1.1729931484178646,0.1255869884553011,,,False,0.0,0.11532876561190974,1.79,10.0,low,"[""evening_activity""]",,,snapshot,56,25,insufficient,0.0
663849,politics,0,0.0,0.0,0.0,0.0,,0.4666666666666667,0.0,0.0,0.0,,,False,0.0,0.0,1.5,10.0,low,"[""evening_activity""]",,,snapshot,0,25,insufficient,0.0
670234,crypto,0,0.0,0.0,0.0,0.0,,0.4666666666666667,0.0,0.0,0.0,,,False,0.0,0.0,1.5,10.0,low,"[""evening_activity""]",,,snapshot,0,25,insufficient,0.0
800790,crypto,38,106395.075859,0.0,14.99994,0.0,,0.4666666666666667,0.0,3.44792806586348,1.000628307815163,,,False,0.0,1.0,4.0,10.0,medium,"[""evening_activity"", ""volume_spikes""]",,,snapshot,38,25,insufficient,0.0
