market_id,category,range,count,share
516883,crypto,0-10,0,0.0
516883,crypto,10-50,0,0.0
516883,crypto,50-100,0,0.0
516883,crypto,100-500,0,0.0
516883,crypto,500-1000,0,0.0
516883,crypto,1000+,0,0.0
516925,politics,0-10,396,0.573082489146165
516925,politics,10-50,266,0.3849493487698987
516925,politics,50-100,0,0.0
516925,politics,100-500,29,0.041968162083936326
516925,politics,500-1000,0,0.0
516925,politics,1000+,0,0.0
517817,politics,0-10,1,0.029411764705882353
517817,politics,10-50,2,0.058823529411764705
517817,politics,50-100,2,0.058823529411764705
517817,politics,100-500,29,0.8529411764705882
517817,politics,500-1000,0,0.0
517817,politics,1000+,0,0.0
527869,crypto,0-10,273,0.8950819672131147
527869,crypto,10-50,31,0.10163934426229508
527869,crypto,50-100,0,0.0
527869,crypto,100-500,0,0.0
527869,crypto,500-1000,0,0.0
527869,crypto,1000+,1,0.003278688524590164
540819,politics,0-10,0,0.0
540819,politics,10-50,28,0.5283018867924528
540819,politics,50-100,0,0.0
540819,politics,100-500,25,0.4716981132075472
540819,politics,500-1000,0,0.0
540819,politics,1000+,0,0.0
549618,crypto,0-10,0,0.0
549618,crypto,10-50,0,0.0
549618,crypto,50-100,0,0.0
549618,crypto,100-500,0,0.0
549618,crypto,500-1000,0,0.0
549618,crypto,1000+,0,0.0
553374,politics,0-10,49,0.6049382716049383
553374,politics,10-50,32,0.3950617283950617
553374,politics,50-100,0,0.0
553374,politics,100-500,0,0.0
553374,politics,500-1000,0,0.0
553374,politics,1000+,0,0.0
556063,crypto,0-10,0,0.0
556063,crypto,10-50,0,0.0
556063,crypto,50-100,0,0.0
556063,crypto,100-500,0,0.0
556063,crypto,500-1000,0,0.0
556063,crypto,1000+,0,0.0
558839,crypto,0-10,29,0.5
558839,crypto,10-50,0,0.0
558839,crypto,50-100,0,0.0
558839,crypto,100-500,29,0.5
558839,crypto,500-1000,0,0.0
558839,crypto,1000+,0,0.0
559662,politics,0-10,30,0.4918032786885246
559662,politics,10-50,0,0.0
559662,politics,50-100,29,0.47540983606557374
559662,politics,100-500,2,0.03278688524590164
559662,politics,500-1000,0,0.0
559662,politics,1000+,0,0.0
559667,politics,0-10,2,0.03389830508474576
559667,politics,10-50,57,0.9661016949152542
559667,politics,50-100,0,0.0
559667,politics,100-500,0,0.0
559667,politics,500-1000,0,0.0
559667,politics,1000+,0,0.0
559673,politics,0-10,0,0.0
559673,politics,10-50,0,0.0
559673,politics,50-100,57,0.6951219512195121
559673,politics,100-500,25,0.3048780487804878
559673,politics,500-1000,0,0.0
559673,politics,1000+,0,0.0
561015,crypto,0-10,0,0.0
561015,crypto,10-50,24,1.0
561015,crypto,50-100,0,0.0
561015,crypto,100-500,0,0.0
561015,crypto,500-1000,0,0.0
561015,crypto,1000+,0,0.0
559675,politics,0-10,0,0.0
559675,politics,10-50,0,0.0
559675,politics,50-100,0,0.0
559675,politics,100-500,0,0.0
559675,politics,500-1000,0,0.0
559675,politics,1000+,0,0.0
561238,politics,0-10,0,0.0
561238,politics,10-50,0,0.0
561238,politics,50-100,0,0.0
561238,politics,100-500,84,1.0
561238,politics,500-1000,0,0.0
561238,politics,1000+,0,0.0
561829,politics,0-10,89,0.49444444444444446
561829,politics,10-50,31,0.17222222222222222
561829,politics,50-100,57,0.31666666666666665
561829,politics,100-500,3,0.016666666666666666
561829,politics,500-1000,0,0.0
561829,politics,1000+,0,0.0
561949,crypto,0-10,0,0.0
561949,crypto,10-50,0,0.0
561949,crypto,50-100,0,0.0
561949,crypto,100-500,0,0.0
561949,crypto,500-1000,0,0.0
561949,crypto,1000+,1,1.0
561955,crypto,0-10,0,0.0
561955,crypto,10-50,0,0.0
561955,crypto,50-100,0,0.0
561955,crypto,100-500,0,0.0
561955,crypto,500-1000,0,0.0
561955,crypto,1000+,0,0.0
561956,crypto,0-10,29,0.5370370370370371
561956,crypto,10-50,1,0.018518518518518517
561956,crypto,50-100,0,0.0
561956,crypto,100-500,24,0.4444444444444444
561956,crypto,500-1000,0,0.0
561956,crypto,1000+,0,0.0
561982,politics,0-10,53,0.29444444444444445
561982,politics,10-50,2,0.011111111111111112
561982,politics,50-100,68,0.37777777777777777
561982,politics,100-500,57,0.31666666666666665
561982,politics,500-1000,0,0.0
561982,politics,1000+,0,0.0
559665,politics,0-10,2,0.031746031746031744
559665,politics,10-50,0,0.0
559665,politics,50-100,36,0.5714285714285714
559665,politics,100-500,25,0.3968253968253968
559665,politics,500-1000,0,0.0
559665,politics,1000+,0,0.0
559674,politics,0-10,2,0.06451612903225806
559674,politics,10-50,1,0.03225806451612903
559674,politics,50-100,28,0.9032258064516129
559674,politics,100-500,0,0.0
559674,politics,500-1000,0,0.0
559674,politics,1000+,0,0.0
561983,politics,0-10,0,0.0
561983,politics,10-50,0,0.0
561983,politics,50-100,0,0.0
561983,politics,100-500,0,0.0
561983,politics,500-1000,0,0.0
561983,politics,1000+,0,0.0
561986,politics,0-10,0,0.0
561986,politics,10-50,2,0.06666666666666667
561986,politics,50-100,0,0.0
561986,politics,100-500,28,0.9333333333333333
561986,politics,500-1000,0,0.0
561986,politics,1000+,0,0.0
516712,crypto,0-10,0,0.0
516712,crypto,10-50,0,0.0
516712,crypto,50-100,0,0.0
516712,crypto,100-500,0,0.0
516712,crypto,500-1000,0,0.0
516712,crypto,1000+,0,0.0
561987,politics,0-10,1,0.017241379310344827
561987,politics,10-50,0,0.0
561987,politics,50-100,0,0.0
561987,politics,100-500,57,0.9827586206896551
561987,politics,500-1000,0,0.0
561987,politics,1000+,0,0.0
561988,politics,0-10,1,0.030303030303030304
561988,politics,10-50,1,0.030303030303030304
561988,politics,50-100,30,0.9090909090909091
561988,politics,100-500,1,0.030303030303030304
561988,politics,500-1000,0,0.0
561988,politics,1000+,0,0.0
561991,politics,0-10,201,0.9757281553398058
561991,politics,10-50,0,0.0
561991,politics,50-100,0,0.0
561991,politics,100-500,4,0.019417475728155338
561991,politics,500-1000,1,0.0048543689320388345
561991,politics,1000+,0,0.0
562000,politics,0-10,0,0.0
562000,politics,10-50,1,1.0
562000,politics,50-100,0,0.0
562000,politics,100-500,0,0.0
562000,politics,500-1000,0,0.0
562000,politics,1000+,0,0.0
562003,politics,0-10,0,0.0
562003,politics,10-50,5,0.14285714285714285
562003,politics,50-100,30,0.8571428571428571
562003,politics,100-500,0,0.0
562003,politics,500-1000,0,0.0
562003,politics,1000+,0,0.0
566166,sports,0-10,28,0.20588235294117646
566166,sports,10-50,52,0.38235294117647056
566166,sports,50-100,29,0.21323529411764705
566166,sports,100-500,26,0.19117647058823528
566166,sports,500-1000,1,0.007352941176470588
566166,sports,1000+,0,0.0
566195,sports,0-10,31,0.17613636363636365
566195,sports,10-50,58,0.32954545454545453
566195,sports,50-100,2,0.011363636363636364
566195,sports,100-500,85,0.48295454545454547
566195,sports,500-1000,0,0.0
566195,sports,1000+,0,0.0
566203,sports,0-10,100,0.4032258064516129
566203,sports,10-50,57,0.22983870967741934
566203,sports,50-100,30,0.12096774193548387
566203,sports,100-500,61,0.24596774193548387
566203,sports,500-1000,0,0.0
566203,sports,1000+,0,0.0
566205,sports,0-10,32,0.2119205298013245
566205,sports,10-50,59,0.39072847682119205
566205,sports,50-100,30,0.1986754966887417
566205,sports,100-500,30,0.1986754966887417
566205,sports,500-1000,0,0.0
566205,sports,1000+,0,0.0
566237,sports,0-10,0,0.0
566237,sports,10-50,0,0.0
566237,sports,50-100,0,0.0
566237,sports,100-500,0,0.0
566237,sports,500-1000,0,0.0
566237,sports,1000+,0,0.0
566239,sports,0-10,0,0.0
566239,sports,10-50,0,0.0
566239,sports,50-100,0,0.0
566239,sports,100-500,1,1.0
566239,sports,500-1000,0,0.0
566239,sports,1000+,0,0.0
566241,sports,0-10,1,0.2
566241,sports,10-50,1,0.2
566241,sports,50-100,0,0.0
566241,sports,100-500,3,0.6
566241,sports,500-1000,0,0.0
566241,sports,1000+,0,0.0
582752,crypto,0-10,0,0.0
582752,crypto,10-50,0,0.0
582752,crypto,50-100,0,0.0
582752,crypto,100-500,1,1.0
582752,crypto,500-1000,0,0.0
582752,crypto,1000+,0,0.0
559651,politics,0-10,0,0.0
559651,politics,10-50,0,0.0
559651,politics,50-100,0,0.0
559651,politics,100-500,0,0.0
559651,politics,500-1000,0,0.0
559651,politics,1000+,0,0.0
516714,politics,0-10,32,0.4
516714,politics,10-50,0,0.0
516714,politics,50-100,19,0.2375
516714,politics,100-500,0,0.0
516714,politics,500-1000,0,0.0
516714,politics,1000+,29,0.3625
559652,politics,0-10,64,0.3855421686746988
559652,politics,10-50,74,0.4457831325301205
559652,politics,50-100,28,0.1686746987951807
559652,politics,100-500,0,0.0
559652,politics,500-1000,0,0.0
559652,politics,1000+,0,0.0
566153,sports,0-10,29,0.2265625
566153,sports,10-50,0,0.0
566153,sports,50-100,30,0.234375
566153,sports,100-500,69,0.5390625
566153,sports,500-1000,0,0.0
566153,sports,1000+,0,0.0
566163,sports,0-10,1,0.013157894736842105
566163,sports,10-50,0,0.0
566163,sports,50-100,20,0.2631578947368421
566163,sports,100-500,55,0.7236842105263158
566163,sports,500-1000,0,0.0
566163,sports,1000+,0,0.0
566167,sports,0-10,0,0.0
566167,sports,10-50,0,0.0
566167,sports,50-100,31,0.36904761904761907
566167,sports,100-500,53,0.6309523809523809
566167,sports,500-1000,0,0.0
566167,sports,1000+,0,0.0
566170,sports,0-10,33,0.559322033898305
566170,sports,10-50,0,0.0
566170,sports,50-100,0,0.0
566170,sports,100-500,26,0.4406779661016949
566170,sports,500-1000,0,0.0
566170,sports,1000+,0,0.0
566174,sports,0-10,29,0.25
566174,sports,10-50,0,0.0
566174,sports,50-100,29,0.25
566174,sports,100-500,58,0.5
566174,sports,500-1000,0,0.0
566174,sports,1000+,0,0.0
566193,sports,0-10,5,0.04201680672268908
566193,sports,10-50,30,0.25210084033613445
566193,sports,50-100,28,0.23529411764705882
566193,sports,100-500,28,0.23529411764705882
566193,sports,500-1000,28,0.23529411764705882
566193,sports,1000+,0,0.0
566194,sports,0-10,32,0.15023474178403756
566194,sports,10-50,58,0.27230046948356806
566194,sports,50-100,35,0.1643192488262911
566194,sports,100-500,88,0.4131455399061033
566194,sports,500-1000,0,0.0
566194,sports,1000+,0,0.0
566197,sports,0-10,60,0.242914979757085
566197,sports,10-50,57,0.23076923076923078
566197,sports,50-100,3,0.012145748987854251
566197,sports,100-500,127,0.5141700404858299
566197,sports,500-1000,0,0.0
566197,sports,1000+,0,0.0
566198,sports,0-10,31,0.16062176165803108
566198,sports,10-50,57,0.29533678756476683
566198,sports,50-100,49,0.2538860103626943
566198,sports,100-500,56,0.29015544041450775
566198,sports,500-1000,0,0.0
566198,sports,1000+,0,0.0
566150,sports,0-10,0,0.0
566150,sports,10-50,0,0.0
566150,sports,50-100,0,0.0
566150,sports,100-500,1,1.0
566150,sports,500-1000,0,0.0
566150,sports,1000+,0,0.0
566154,sports,0-10,0,0.0
566154,sports,10-50,2,0.0136986301369863
566154,sports,50-100,142,0.9726027397260274
566154,sports,100-500,2,0.0136986301369863
566154,sports,500-1000,0,0.0
566154,sports,1000+,0,0.0
566155,sports,0-10,28,0.3218390804597701
566155,sports,10-50,0,0.0
566155,sports,50-100,57,0.6551724137931034
566155,sports,100-500,2,0.022988505747126436
566155,sports,500-1000,0,0.0
566155,sports,1000+,0,0.0
566156,sports,0-10,1,0.02857142857142857
566156,sports,10-50,3,0.08571428571428572
566156,sports,50-100,30,0.8571428571428571
566156,sports,100-500,1,0.02857142857142857
566156,sports,500-1000,0,0.0
566156,sports,1000+,0,0.0
566158,sports,0-10,0,0.0
566158,sports,10-50,0,0.0
566158,sports,50-100,28,0.25
566158,sports,100-500,84,0.75
566158,sports,500-1000,0,0.0
566158,sports,1000+,0,0.0
566160,sports,0-10,87,0.5058139534883721
566160,sports,10-50,28,0.16279069767441862
566160,sports,50-100,29,0.1686046511627907
566160,sports,100-500,28,0.16279069767441862
566160,sports,500-1000,0,0.0
566160,sports,1000+,0,0.0
566172,sports,0-10,0,0.0
566172,sports,10-50,0,0.0
566172,sports,50-100,0,0.0
566172,sports,100-500,0,0.0
566172,sports,500-1000,0,0.0
566172,sports,1000+,0,0.0
566196,sports,0-10,30,0.14705882352941177
566196,sports,10-50,57,0.27941176470588236
566196,sports,50-100,88,0.43137254901960786
566196,sports,100-500,29,0.14215686274509803
566196,sports,500-1000,0,0.0
566196,sports,1000+,0,0.0
566199,sports,0-10,61,0.3333333333333333
566199,sports,10-50,60,0.32786885245901637
566199,sports,50-100,31,0.16939890710382513
566199,sports,100-500,30,0.16393442622950818
566199,sports,500-1000,1,0.00546448087431694
566199,sports,1000+,0,0.0
566200,sports,0-10,31,0.14761904761904762
566200,sports,10-50,120,0.5714285714285714
566200,sports,50-100,0,0.0
566200,sports,100-500,58,0.2761904761904762
566200,sports,500-1000,1,0.004761904761904762
566200,sports,1000+,0,0.0
566191,sports,0-10,0,0.0
566191,sports,10-50,0,0.0
566191,sports,50-100,0,0.0
566191,sports,100-500,0,0.0
566191,sports,500-1000,0,0.0
566191,sports,1000+,0,0.0
566201,sports,0-10,31,0.24603174603174602
566201,sports,10-50,59,0.46825396825396826
566201,sports,50-100,2,0.015873015873015872
566201,sports,100-500,34,0.2698412698412698
566201,sports,500-1000,0,0.0
566201,sports,1000+,0,0.0
566202,sports,0-10,31,0.1791907514450867
566202,sports,10-50,138,0.7976878612716763
566202,sports,50-100,3,0.017341040462427744
566202,sports,100-500,1,0.005780346820809248
566202,sports,500-1000,0,0.0
566202,sports,1000+,0,0.0
566204,sports,0-10,32,0.1797752808988764
566204,sports,10-50,58,0.3258426966292135
566204,sports,50-100,57,0.3202247191011236
566204,sports,100-500,30,0.16853932584269662
566204,sports,500-1000,1,0.0056179775280898875
566204,sports,1000+,0,0.0
566238,sports,0-10,0,0.0
566238,sports,10-50,0,0.0
566238,sports,50-100,0,0.0
566238,sports,100-500,0,0.0
566238,sports,500-1000,0,0.0
566238,sports,1000+,0,0.0
540208,sports,0-10,189,0.9545454545454546
540208,sports,10-50,4,0.020202020202020204
540208,sports,50-100,4,0.020202020202020204
540208,sports,100-500,1,0.005050505050505051
540208,sports,500-1000,0,0.0
540208,sports,1000+,0,0.0
540216,sports,0-10,0,0.0
540216,sports,10-50,0,0.0
540216,sports,50-100,0,0.0
540216,sports,100-500,0,0.0
540216,sports,500-1000,0,0.0
540216,sports,1000+,0,0.0
540217,sports,0-10,172,0.5870307167235495
540217,sports,10-50,34,0.11604095563139932
540217,sports,50-100,87,0.29692832764505117
540217,sports,100-500,0,0.0
540217,sports,500-1000,0,0.0
540217,sports,1000+,0,0.0
540223,sports,0-10,150,0.5791505791505791
540223,sports,10-50,47,0.18146718146718147
540223,sports,50-100,33,0.1274131274131274
540223,sports,100-500,29,0.11196911196911197
540223,sports,500-1000,0,0.0
540223,sports,1000+,0,0.0
553861,sports,0-10,72,0.2727272727272727
553861,sports,10-50,168,0.6363636363636364
553861,sports,50-100,24,0.09090909090909091
553861,sports,100-500,0,0.0
553861,sports,500-1000,0,0.0
553861,sports,1000+,0,0.0
563368,crypto,0-10,73,0.05090655509065551
563368,crypto,10-50,125,0.08716875871687588
563368,crypto,50-100,606,0.4225941422594142
563368,crypto,100-500,116,0.08089260808926081
563368,crypto,500-1000,197,0.13737796373779637
563368,crypto,1000+,317,0.2210599721059972
566152,sports,0-10,0,0.0
566152,sports,10-50,2,0.03278688524590164
566152,sports,50-100,29,0.47540983606557374
566152,sports,100-500,30,0.4918032786885246
566152,sports,500-1000,0,0.0
566152,sports,1000+,0,0.0
566157,sports,0-10,1,0.01694915254237288
566157,sports,10-50,1,0.01694915254237288
566157,sports,50-100,57,0.9661016949152542
566157,sports,100-500,0,0.0
566157,sports,500-1000,0,0.0
566157,sports,1000+,0,0.0
566165,sports,0-10,0,0.0
566165,sports,10-50,0,0.0
566165,sports,50-100,29,1.0
566165,sports,100-500,0,0.0
566165,sports,500-1000,0,0.0
566165,sports,1000+,0,0.0
566187,sports,0-10,118,0.502127659574468
566187,sports,10-50,59,0.251063829787234
566187,sports,50-100,30,0.1276595744680851
566187,sports,100-500,28,0.11914893617021277
566187,sports,500-1000,0,0.0
566187,sports,1000+,0,0.0
566188,sports,0-10,90,0.6
566188,sports,10-50,31,0.20666666666666667
566188,sports,50-100,1,0.006666666666666667
566188,sports,100-500,28,0.18666666666666668
566188,sports,500-1000,0,0.0
566188,sports,1000+,0,0.0
566189,sports,0-10,32,0.26666666666666666
566189,sports,10-50,59,0.49166666666666664
566189,sports,50-100,1,0.008333333333333333
566189,sports,100-500,28,0.23333333333333334
566189,sports,500-1000,0,0.0
566189,sports,1000+,0,0.0
566190,sports,0-10,31,0.2
566190,sports,10-50,63,0.4064516129032258
566190,sports,50-100,2,0.012903225806451613
566190,sports,100-500,59,0.38064516129032255
566190,sports,500-1000,0,0.0
566190,sports,1000+,0,0.0
566192,sports,0-10,172,0.5292307692307693
566192,sports,10-50,57,0.1753846153846154
566192,sports,50-100,33,0.10153846153846154
566192,sports,100-500,63,0.19384615384615383
566192,sports,500-1000,0,0.0
566192,sports,1000+,0,0.0
567469,crypto,0-10,15,0.14150943396226415
567469,crypto,10-50,3,0.02830188679245283
567469,crypto,50-100,88,0.8301886792452831
567469,crypto,100-500,0,0.0
567469,crypto,500-1000,0,0.0
567469,crypto,1000+,0,0.0
567687,politics,0-10,91,0.4972677595628415
567687,politics,10-50,1,0.00546448087431694
567687,politics,50-100,59,0.3224043715846995
567687,politics,100-500,2,0.01092896174863388
567687,politics,500-1000,29,0.15846994535519127
567687,politics,1000+,1,0.00546448087431694
569424,politics,0-10,10,1.0
569424,politics,10-50,0,0.0
569424,politics,50-100,0,0.0
569424,politics,100-500,0,0.0
569424,politics,500-1000,0,0.0
569424,politics,1000+,0,0.0
569428,politics,0-10,0,0.0
569428,politics,10-50,0,0.0
569428,politics,50-100,0,0.0
569428,politics,100-500,0,0.0
569428,politics,500-1000,0,0.0
569428,politics,1000+,0,0.0
569431,politics,0-10,0,0.0
569431,politics,10-50,0,0.0
569431,politics,50-100,0,0.0
569431,politics,100-500,0,0.0
569431,politics,500-1000,0,0.0
569431,politics,1000+,0,0.0
569434,politics,0-10,0,0.0
569434,politics,10-50,0,0.0
569434,politics,50-100,0,0.0
569434,politics,100-500,0,0.0
569434,politics,500-1000,0,0.0
569434,politics,1000+,0,0.0
569435,politics,0-10,0,0.0
569435,politics,10-50,0,0.0
569435,politics,50-100,0,0.0
569435,politics,100-500,0,0.0
569435,politics,500-1000,0,0.0
569435,politics,1000+,0,0.0
569436,politics,0-10,0,0.0
569436,politics,10-50,0,0.0
569436,politics,50-100,0,0.0
569436,politics,100-500,0,0.0
569436,politics,500-1000,0,0.0
569436,politics,1000+,0,0.0
569437,politics,0-10,0,0.0
569437,politics,10-50,0,0.0
569437,politics,50-100,1,1.0
569437,politics,100-500,0,0.0
569437,politics,500-1000,0,0.0
569437,politics,1000+,0,0.0
569438,politics,0-10,0,0.0
569438,politics,10-50,0,0.0
569438,politics,50-100,0,0.0
569438,politics,100-500,0,0.0
569438,politics,500-1000,0,0.0
569438,politics,1000+,0,0.0
569440,politics,0-10,0,0.0
569440,politics,10-50,0,0.0
569440,politics,50-100,0,0.0
569440,politics,100-500,0,0.0
569440,politics,500-1000,1,1.0
569440,politics,1000+,0,0.0
570270,crypto,0-10,0,0.0
570270,crypto,10-50,0,0.0
570270,crypto,50-100,0,0.0
570270,crypto,100-500,0,0.0
570270,crypto,500-1000,0,0.0
570270,crypto,1000+,0,0.0
572403,crypto,0-10,1,0.5
572403,crypto,10-50,1,0.5
572403,crypto,50-100,0,0.0
572403,crypto,100-500,0,0.0
572403,crypto,500-1000,0,0.0
572403,crypto,1000+,0,0.0
572470,politics,0-10,128,0.3798219584569733
572470,politics,10-50,189,0.5608308605341247
572470,politics,50-100,0,0.0
572470,politics,100-500,20,0.05934718100890208
572470,politics,500-1000,0,0.0
572470,politics,1000+,0,0.0
572472,politics,0-10,24,1.0
572472,politics,10-50,0,0.0
572472,politics,50-100,0,0.0
572472,politics,100-500,0,0.0
572472,politics,500-1000,0,0.0
572472,politics,1000+,0,0.0
572477,politics,0-10,0,0.0
572477,politics,10-50,0,0.0
572477,politics,50-100,0,0.0
572477,politics,100-500,0,0.0
572477,politics,500-1000,0,0.0
572477,politics,1000+,0,0.0
572489,politics,0-10,0,0.0
572489,politics,10-50,29,1.0
572489,politics,50-100,0,0.0
572489,politics,100-500,0,0.0
572489,politics,500-1000,0,0.0
572489,politics,1000+,0,0.0
572494,politics,0-10,0,0.0
572494,politics,10-50,0,0.0
572494,politics,50-100,0,0.0
572494,politics,100-500,0,0.0
572494,politics,500-1000,0,0.0
572494,politics,1000+,0,0.0
573652,crypto,0-10,0,0.0
573652,crypto,10-50,0,0.0
573652,crypto,50-100,0,0.0
573652,crypto,100-500,0,0.0
573652,crypto,500-1000,0,0.0
573652,crypto,1000+,0,0.0
573653,crypto,0-10,0,0.0
573653,crypto,10-50,1,1.0
573653,crypto,50-100,0,0.0
573653,crypto,100-500,0,0.0
573653,crypto,500-1000,0,0.0
573653,crypto,1000+,0,0.0
574068,crypto,0-10,179,0.8774509803921569
574068,crypto,10-50,0,0.0
574068,crypto,50-100,0,0.0
574068,crypto,100-500,25,0.12254901960784313
574068,crypto,500-1000,0,0.0
574068,crypto,1000+,0,0.0
516713,crypto,0-10,0,0.0
516713,crypto,10-50,0,0.0
516713,crypto,50-100,0,0.0
516713,crypto,100-500,0,0.0
516713,crypto,500-1000,0,0.0
516713,crypto,1000+,0,0.0
518874,crypto,0-10,0,0.0
518874,crypto,10-50,0,0.0
518874,crypto,50-100,0,0.0
518874,crypto,100-500,0,0.0
518874,crypto,500-1000,0,0.0
518874,crypto,1000+,0,0.0
516716,politics,0-10,711,0.9392338177014531
516716,politics,10-50,12,0.015852047556142668
516716,politics,50-100,0,0.0
516716,politics,100-500,30,0.03963011889035667
516716,politics,500-1000,0,0.0
516716,politics,1000+,4,0.005284015852047556
516719,politics,0-10,328,0.4420485175202156
516719,politics,10-50,265,0.35714285714285715
516719,politics,50-100,33,0.0444743935309973
516719,politics,100-500,84,0.11320754716981132
516719,politics,500-1000,29,0.03908355795148248
516719,politics,1000+,3,0.004043126684636119
516861,crypto,0-10,24,0.17266187050359713
516861,crypto,10-50,18,0.12949640287769784
516861,crypto,50-100,39,0.2805755395683453
516861,crypto,100-500,51,0.3669064748201439
516861,crypto,500-1000,6,0.04316546762589928
516861,crypto,1000+,1,0.007194244604316547
516862,crypto,0-10,4,0.025
516862,crypto,10-50,114,0.7125
516862,crypto,50-100,0,0.0
516862,crypto,100-500,1,0.00625
516862,crypto,500-1000,0,0.0
516862,crypto,1000+,41,0.25625
516863,crypto,0-10,30,1.0
516863,crypto,10-50,0,0.0
516863,crypto,50-100,0,0.0
516863,crypto,100-500,0,0.0
516863,crypto,500-1000,0,0.0
516863,crypto,1000+,0,0.0
516864,crypto,0-10,105,0.1098326359832636
516864,crypto,10-50,203,0.21234309623430964
516864,crypto,50-100,37,0.038702928870292884
516864,crypto,100-500,456,0.4769874476987448
516864,crypto,500-1000,155,0.16213389121338911
516864,crypto,1000+,0,0.0
516865,crypto,0-10,39,0.11926605504587157
516865,crypto,10-50,87,0.26605504587155965
516865,crypto,50-100,129,0.3944954128440367
516865,crypto,100-500,54,0.1651376146788991
516865,crypto,500-1000,17,0.05198776758409786
516865,crypto,1000+,1,0.0030581039755351682
516866,crypto,0-10,0,0.0
516866,crypto,10-50,0,0.0
516866,crypto,50-100,0,0.0
516866,crypto,100-500,0,0.0
516866,crypto,500-1000,0,0.0
516866,crypto,1000+,0,0.0
516867,crypto,0-10,0,0.0
516867,crypto,10-50,0,0.0
516867,crypto,50-100,0,0.0
516867,crypto,100-500,0,0.0
516867,crypto,500-1000,0,0.0
516867,crypto,1000+,0,0.0
516871,crypto,0-10,14,0.14432989690721648
516871,crypto,10-50,45,0.4639175257731959
516871,crypto,50-100,35,0.36082474226804123
516871,crypto,100-500,1,0.010309278350515464
516871,crypto,500-1000,1,0.010309278350515464
516871,crypto,1000+,1,0.010309278350515464
516872,crypto,0-10,162,0.5955882352941176
516872,crypto,10-50,11,0.04044117647058824
516872,crypto,50-100,19,0.06985294117647059
516872,crypto,100-500,80,0.29411764705882354
516872,crypto,500-1000,0,0.0
516872,crypto,1000+,0,0.0
516873,crypto,0-10,593,0.6495071193866374
516873,crypto,10-50,76,0.0832420591456736
516873,crypto,50-100,58,0.06352683461117196
516873,crypto,100-500,186,0.20372398685651696
516873,crypto,500-1000,0,0.0
516873,crypto,1000+,0,0.0
516874,crypto,0-10,57,0.2126865671641791
516874,crypto,10-50,42,0.15671641791044777
516874,crypto,50-100,2,0.007462686567164179
516874,crypto,100-500,3,0.011194029850746268
516874,crypto,500-1000,29,0.10820895522388059
516874,crypto,1000+,135,0.503731343283582
516875,crypto,0-10,28,0.9655172413793104
516875,crypto,10-50,0,0.0
516875,crypto,50-100,1,0.034482758620689655
516875,crypto,100-500,0,0.0
516875,crypto,500-1000,0,0.0
516875,crypto,1000+,0,0.0
516876,crypto,0-10,267,0.38472622478386165
516876,crypto,10-50,38,0.05475504322766571
516876,crypto,50-100,202,0.2910662824207493
516876,crypto,100-500,157,0.22622478386167147
516876,crypto,500-1000,1,0.001440922190201729
516876,crypto,1000+,29,0.04178674351585014
516877,crypto,0-10,61,0.34269662921348315
516877,crypto,10-50,29,0.16292134831460675
516877,crypto,50-100,0,0.0
516877,crypto,100-500,88,0.4943820224719101
516877,crypto,500-1000,0,0.0
516877,crypto,1000+,0,0.0
516878,crypto,0-10,191,0.5093333333333333
516878,crypto,10-50,48,0.128
516878,crypto,50-100,71,0.18933333333333333
516878,crypto,100-500,64,0.17066666666666666
516878,crypto,500-1000,0,0.0
516878,crypto,1000+,1,0.0026666666666666666
516879,crypto,0-10,0,0.0
516879,crypto,10-50,0,0.0
516879,crypto,50-100,0,0.0
516879,crypto,100-500,0,0.0
516879,crypto,500-1000,0,0.0
516879,crypto,1000+,0,0.0
516884,crypto,0-10,576,0.8622754491017964
516884,crypto,10-50,3,0.004491017964071856
516884,crypto,50-100,31,0.04640718562874251
516884,crypto,100-500,26,0.038922155688622756
516884,crypto,500-1000,1,0.0014970059880239522
516884,crypto,1000+,31,0.04640718562874251
516937,crypto,0-10,208,0.8221343873517787
516937,crypto,10-50,34,0.13438735177865613
516937,crypto,50-100,1,0.003952569169960474
516937,crypto,100-500,9,0.03557312252964427
516937,crypto,500-1000,0,0.0
516937,crypto,1000+,1,0.003952569169960474
516947,politics,0-10,668,0.5709401709401709
516947,politics,10-50,200,0.17094017094017094
516947,politics,50-100,57,0.04871794871794872
516947,politics,100-500,101,0.08632478632478632
516947,politics,500-1000,63,0.05384615384615385
516947,politics,1000+,81,0.06923076923076923
520630,politics,0-10,278,0.3075221238938053
520630,politics,10-50,363,0.40154867256637167
520630,politics,50-100,109,0.12057522123893805
520630,politics,100-500,130,0.14380530973451328
520630,politics,500-1000,16,0.017699115044247787
520630,politics,1000+,8,0.008849557522123894
520930,politics,0-10,40,0.5633802816901409
520930,politics,10-50,0,0.0
520930,politics,50-100,2,0.028169014084507043
520930,politics,100-500,29,0.4084507042253521
520930,politics,500-1000,0,0.0
520930,politics,1000+,0,0.0
527828,crypto,0-10,2,0.02857142857142857
527828,crypto,10-50,68,0.9714285714285714
527828,crypto,50-100,0,0.0
527828,crypto,100-500,0,0.0
527828,crypto,500-1000,0,0.0
527828,crypto,1000+,0,0.0
540206,sports,0-10,0,0.0
540206,sports,10-50,0,0.0
540206,sports,50-100,0,0.0
540206,sports,100-500,0,0.0
540206,sports,500-1000,0,0.0
540206,sports,1000+,0,0.0
540207,sports,0-10,0,0.0
540207,sports,10-50,0,0.0
540207,sports,50-100,0,0.0
540207,sports,100-500,0,0.0
540207,sports,500-1000,0,0.0
540207,sports,1000+,0,0.0
540209,sports,0-10,250,0.4681647940074906
540209,sports,10-50,216,0.4044943820224719
540209,sports,50-100,59,0.1104868913857678
540209,sports,100-500,5,0.009363295880149813
540209,sports,500-1000,3,0.0056179775280898875
540209,sports,1000+,1,0.0018726591760299626
540210,sports,0-10,479,0.5675355450236966
540210,sports,10-50,180,0.2132701421800948
540210,sports,50-100,111,0.13151658767772512
540210,sports,100-500,16,0.018957345971563982
540210,sports,500-1000,58,0.06872037914691943
540210,sports,1000+,0,0.0
540211,sports,0-10,326,0.5125786163522013
540211,sports,10-50,216,0.33962264150943394
540211,sports,50-100,63,0.09905660377358491
540211,sports,100-500,31,0.04874213836477988
540211,sports,500-1000,0,0.0
540211,sports,1000+,0,0.0
540212,sports,0-10,0,0.0
540212,sports,10-50,0,0.0
540212,sports,50-100,0,0.0
540212,sports,100-500,0,0.0
540212,sports,500-1000,0,0.0
540212,sports,1000+,0,0.0
540213,sports,0-10,0,0.0
540213,sports,10-50,0,0.0
540213,sports,50-100,0,0.0
540213,sports,100-500,0,0.0
540213,sports,500-1000,0,0.0
540213,sports,1000+,0,0.0
540214,sports,0-10,0,0.0
540214,sports,10-50,0,0.0
540214,sports,50-100,0,0.0
540214,sports,100-500,0,0.0
540214,sports,500-1000,0,0.0
540214,sports,1000+,0,0.0
540215,sports,0-10,205,0.3609154929577465
540215,sports,10-50,186,0.3274647887323944
540215,sports,50-100,88,0.15492957746478872
540215,sports,100-500,31,0.05457746478873239
540215,sports,500-1000,29,0.051056338028169015
540215,sports,1000+,29,0.051056338028169015
540218,sports,0-10,509,0.6593264248704663
540218,sports,10-50,96,0.12435233160621761
540218,sports,50-100,150,0.19430051813471502
540218,sports,100-500,17,0.022020725388601035
540218,sports,500-1000,0,0.0
540218,sports,1000+,0,0.0
540219,sports,0-10,0,0.0
540219,sports,10-50,0,0.0
540219,sports,50-100,0,0.0
540219,sports,100-500,0,0.0
540219,sports,500-1000,0,0.0
540219,sports,1000+,0,0.0
540220,sports,0-10,243,0.38817891373801916
540220,sports,10-50,270,0.43130990415335463
540220,sports,50-100,112,0.17891373801916932
540220,sports,100-500,1,0.001597444089456869
540220,sports,500-1000,0,0.0
540220,sports,1000+,0,0.0
540221,sports,0-10,0,0.0
540221,sports,10-50,0,0.0
540221,sports,50-100,0,0.0
540221,sports,100-500,0,0.0
540221,sports,500-1000,0,0.0
540221,sports,1000+,0,0.0
540222,sports,0-10,0,0.0
540222,sports,10-50,0,0.0
540222,sports,50-100,0,0.0
540222,sports,100-500,0,0.0
540222,sports,500-1000,0,0.0
540222,sports,1000+,0,0.0
540224,sports,0-10,431,0.517406962785114
540224,sports,10-50,258,0.3097238895558223
540224,sports,50-100,48,0.057623049219687875
540224,sports,100-500,67,0.08043217286914765
540224,sports,500-1000,29,0.03481392557022809
540224,sports,1000+,0,0.0
540225,sports,0-10,0,0.0
540225,sports,10-50,0,0.0
540225,sports,50-100,0,0.0
540225,sports,100-500,0,0.0
540225,sports,500-1000,0,0.0
540225,sports,1000+,0,0.0
540226,sports,0-10,0,0.0
540226,sports,10-50,0,0.0
540226,sports,50-100,0,0.0
540226,sports,100-500,0,0.0
540226,sports,500-1000,0,0.0
540226,sports,1000+,0,0.0
540227,sports,0-10,309,0.4835680751173709
540227,sports,10-50,237,0.37089201877934275
540227,sports,50-100,63,0.09859154929577464
540227,sports,100-500,30,0.046948356807511735
540227,sports,500-1000,0,0.0
540227,sports,1000+,0,0.0
540228,sports,0-10,0,0.0
540228,sports,10-50,0,0.0
540228,sports,50-100,0,0.0
540228,sports,100-500,0,0.0
540228,sports,500-1000,0,0.0
540228,sports,1000+,0,0.0
540229,sports,0-10,0,0.0
540229,sports,10-50,0,0.0
540229,sports,50-100,0,0.0
540229,sports,100-500,0,0.0
540229,sports,500-1000,0,0.0
540229,sports,1000+,0,0.0
540230,sports,0-10,0,0.0
540230,sports,10-50,0,0.0
540230,sports,50-100,0,0.0
540230,sports,100-500,0,0.0
540230,sports,500-1000,0,0.0
540230,sports,1000+,0,0.0
540232,sports,0-10,501,0.6618229854689565
540232,sports,10-50,157,0.2073976221928666
540232,sports,50-100,95,0.12549537648612946
540232,sports,100-500,4,0.005284015852047556
540232,sports,500-1000,0,0.0
540232,sports,1000+,0,0.0
540233,sports,0-10,535,0.781021897810219
540233,sports,10-50,113,0.16496350364963502
540233,sports,50-100,30,0.043795620437956206
540233,sports,100-500,7,0.010218978102189781
540233,sports,500-1000,0,0.0
540233,sports,1000+,0,0.0
540234,sports,0-10,466,0.7213622291021672
540234,sports,10-50,143,0.22136222910216719
540234,sports,50-100,34,0.05263157894736842
540234,sports,100-500,0,0.0
540234,sports,500-1000,3,0.0046439628482972135
540234,sports,1000+,0,0.0
540235,sports,0-10,464,0.5785536159600998
540235,sports,10-50,166,0.20698254364089774
540235,sports,50-100,102,0.12718204488778054
540235,sports,100-500,69,0.08603491271820449
540235,sports,500-1000,0,0.0
540235,sports,1000+,1,0.0012468827930174563
540236,sports,0-10,0,0.0
540236,sports,10-50,0,0.0
540236,sports,50-100,0,0.0
540236,sports,100-500,0,0.0
540236,sports,500-1000,0,0.0
540236,sports,1000+,0,0.0
540237,sports,0-10,0,0.0
540237,sports,10-50,0,0.0
540237,sports,50-100,0,0.0
540237,sports,100-500,0,0.0
540237,sports,500-1000,0,0.0
540237,sports,1000+,0,0.0
551963,politics,0-10,172,0.15679124886052873
551963,politics,10-50,195,0.17775752051048313
551963,politics,50-100,447,0.4074749316317229
551963,politics,100-500,173,0.1577028258887876
551963,politics,500-1000,32,0.02917046490428441
551963,politics,1000+,78,0.07110300820419325
553874,sports,0-10,166,0.3915094339622642
553874,sports,10-50,172,0.4056603773584906
553874,sports,50-100,14,0.0330188679245283
553874,sports,100-500,12,0.02830188679245283
553874,sports,500-1000,60,0.14150943396226415
553874,sports,1000+,0,0.0
553875,sports,0-10,87,0.17864476386036962
553875,sports,10-50,199,0.4086242299794661
553875,sports,50-100,151,0.31006160164271046
553875,sports,100-500,50,0.1026694045174538
553875,sports,500-1000,0,0.0
553875,sports,1000+,0,0.0
553877,sports,0-10,40,0.09615384615384616
553877,sports,10-50,295,0.7091346153846154
553877,sports,50-100,47,0.11298076923076923
553877,sports,100-500,34,0.08173076923076923
553877,sports,500-1000,0,0.0
553877,sports,1000+,0,0.0
553878,sports,0-10,51,0.16943521594684385
553878,sports,10-50,176,0.584717607973422
553878,sports,50-100,42,0.13953488372093023
553878,sports,100-500,32,0.10631229235880399
553878,sports,500-1000,0,0.0
553878,sports,1000+,0,0.0
553879,sports,0-10,76,0.16170212765957448
553879,sports,10-50,250,0.5319148936170213
553879,sports,50-100,113,0.2404255319148936
553879,sports,100-500,31,0.06595744680851064
553879,sports,500-1000,0,0.0
553879,sports,1000+,0,0.0
553880,sports,0-10,139,0.3629242819843342
553880,sports,10-50,126,0.3289817232375979
553880,sports,50-100,56,0.1462140992167102
553880,sports,100-500,60,0.1566579634464752
553880,sports,500-1000,2,0.005221932114882507
553880,sports,1000+,0,0.0
553882,sports,0-10,53,0.1308641975308642
553882,sports,10-50,201,0.4962962962962963
553882,sports,50-100,93,0.22962962962962963
553882,sports,100-500,30,0.07407407407407407
553882,sports,500-1000,0,0.0
553882,sports,1000+,28,0.0691358024691358
553883,sports,0-10,77,0.22580645161290322
553883,sports,10-50,144,0.4222873900293255
553883,sports,50-100,117,0.34310850439882695
553883,sports,100-500,3,0.008797653958944282
553883,sports,500-1000,0,0.0
553883,sports,1000+,0,0.0
553884,sports,0-10,52,0.14814814814814814
553884,sports,10-50,196,0.5584045584045584
553884,sports,50-100,34,0.09686609686609686
553884,sports,100-500,69,0.19658119658119658
553884,sports,500-1000,0,0.0
553884,sports,1000+,0,0.0
553885,sports,0-10,143,0.44272445820433437
553885,sports,10-50,151,0.4674922600619195
553885,sports,50-100,25,0.07739938080495357
553885,sports,100-500,4,0.01238390092879257
553885,sports,500-1000,0,0.0
553885,sports,1000+,0,0.0
556033,crypto,0-10,1056,0.39476635514018693
556033,crypto,10-50,529,0.1977570093457944
556033,crypto,50-100,324,0.1211214953271028
556033,crypto,100-500,370,0.1383177570093458
556033,crypto,500-1000,127,0.04747663551401869
556033,crypto,1000+,269,0.1005607476635514
556034,crypto,0-10,345,0.38290788013318533
556034,crypto,10-50,38,0.042175360710321866
556034,crypto,50-100,337,0.37402885682574916
556034,crypto,100-500,128,0.14206437291897892
556034,crypto,500-1000,12,0.013318534961154272
556034,crypto,1000+,41,0.04550499445061043
556062,crypto,0-10,42,0.4077669902912621
556062,crypto,10-50,37,0.3592233009708738
556062,crypto,50-100,0,0.0
556062,crypto,100-500,0,0.0
556062,crypto,500-1000,24,0.23300970873786409
556062,crypto,1000+,0,0.0
556077,crypto,0-10,2337,0.3241331484049931
556077,crypto,10-50,2238,0.3104022191400832
556077,crypto,50-100,802,0.11123439667128987
556077,crypto,100-500,1172,0.16255201109570042
556077,crypto,500-1000,144,0.019972260748959778
556077,crypto,1000+,517,0.07170596393897365
556122,crypto,0-10,179,0.36907216494845363
556122,crypto,10-50,209,0.4309278350515464
556122,crypto,50-100,29,0.05979381443298969
556122,crypto,100-500,9,0.018556701030927835
556122,crypto,500-1000,0,0.0
556122,crypto,1000+,59,0.12164948453608247
558957,sports,0-10,1,0.009345794392523364
558957,sports,10-50,27,0.2523364485981308
558957,sports,50-100,78,0.7289719626168224
558957,sports,100-500,1,0.009345794392523364
558957,sports,500-1000,0,0.0
558957,sports,1000+,0,0.0
558960,sports,0-10,0,0.0
558960,sports,10-50,42,0.5526315789473685
558960,sports,50-100,32,0.42105263157894735
558960,sports,100-500,2,0.02631578947368421
558960,sports,500-1000,0,0.0
558960,sports,1000+,0,0.0
558978,sports,0-10,145,0.7142857142857143
558978,sports,10-50,58,0.2857142857142857
558978,sports,50-100,0,0.0
558978,sports,100-500,0,0.0
558978,sports,500-1000,0,0.0
558978,sports,1000+,0,0.0
559664,politics,0-10,37,0.3557692307692308
559664,politics,10-50,29,0.27884615384615385
559664,politics,50-100,30,0.28846153846153844
559664,politics,100-500,8,0.07692307692307693
559664,politics,500-1000,0,0.0
559664,politics,1000+,0,0.0
559666,politics,0-10,43,0.24022346368715083
559666,politics,10-50,29,0.16201117318435754
559666,politics,50-100,54,0.3016759776536313
559666,politics,100-500,53,0.29608938547486036
559666,politics,500-1000,0,0.0
559666,politics,1000+,0,0.0
559670,politics,0-10,67,0.6036036036036037
559670,politics,10-50,0,0.0
559670,politics,50-100,4,0.036036036036036036
559670,politics,100-500,9,0.08108108108108109
559670,politics,500-1000,2,0.018018018018018018
559670,politics,1000+,29,0.26126126126126126
559671,politics,0-10,38,0.7755102040816326
559671,politics,10-50,4,0.08163265306122448
559671,politics,50-100,2,0.04081632653061224
559671,politics,100-500,5,0.10204081632653061
559671,politics,500-1000,0,0.0
559671,politics,1000+,0,0.0
559672,politics,0-10,38,0.7450980392156863
559672,politics,10-50,1,0.0196078431372549
559672,politics,50-100,3,0.058823529411764705
559672,politics,100-500,9,0.17647058823529413
559672,politics,500-1000,0,0.0
559672,politics,1000+,0,0.0
559676,politics,0-10,7,0.04666666666666667
559676,politics,10-50,1,0.006666666666666667
559676,politics,50-100,117,0.78
559676,politics,100-500,25,0.16666666666666666
559676,politics,500-1000,0,0.0
559676,politics,1000+,0,0.0
559677,politics,0-10,5,0.25
559677,politics,10-50,10,0.5
559677,politics,50-100,1,0.05
559677,politics,100-500,4,0.2
559677,politics,500-1000,0,0.0
559677,politics,1000+,0,0.0
559678,politics,0-10,131,0.7443181818181818
559678,politics,10-50,0,0.0
559678,politics,50-100,42,0.23863636363636365
559678,politics,100-500,2,0.011363636363636364
559678,politics,500-1000,0,0.0
559678,politics,1000+,1,0.005681818181818182
559679,politics,0-10,86,0.6370370370370371
559679,politics,10-50,0,0.0
559679,politics,50-100,9,0.06666666666666667
559679,politics,100-500,29,0.21481481481481482
559679,politics,500-1000,11,0.08148148148148149
559679,politics,1000+,0,0.0
559680,politics,0-10,39,0.25
559680,politics,10-50,0,0.0
559680,politics,50-100,116,0.7435897435897436
559680,politics,100-500,1,0.00641025641025641
559680,politics,500-1000,0,0.0
559680,politics,1000+,0,0.0
559681,politics,0-10,1,0.03225806451612903
559681,politics,10-50,0,0.0
559681,politics,50-100,2,0.06451612903225806
559681,politics,100-500,28,0.9032258064516129
559681,politics,500-1000,0,0.0
559681,politics,1000+,0,0.0
559682,politics,0-10,17,0.09239130434782608
559682,politics,10-50,58,0.31521739130434784
559682,politics,50-100,9,0.04891304347826087
559682,politics,100-500,99,0.5380434782608695
559682,politics,500-1000,0,0.0
559682,politics,1000+,1,0.005434782608695652
559683,politics,0-10,49,0.7903225806451613
559683,politics,10-50,0,0.0
559683,politics,50-100,1,0.016129032258064516
559683,politics,100-500,12,0.1935483870967742
559683,politics,500-1000,0,0.0
559683,politics,1000+,0,0.0
559684,politics,0-10,47,0.7704918032786885
559684,politics,10-50,0,0.0
559684,politics,50-100,2,0.03278688524590164
559684,politics,100-500,12,0.19672131147540983
559684,politics,500-1000,0,0.0
559684,politics,1000+,0,0.0
559685,politics,0-10,39,0.4588235294117647
559685,politics,10-50,1,0.011764705882352941
559685,politics,50-100,13,0.15294117647058825
559685,politics,100-500,32,0.3764705882352941
559685,politics,500-1000,0,0.0
559685,politics,1000+,0,0.0
559687,politics,0-10,242,0.5627906976744186
559687,politics,10-50,151,0.3511627906976744
559687,politics,50-100,1,0.002325581395348837
559687,politics,100-500,8,0.018604651162790697
559687,politics,500-1000,0,0.0
559687,politics,1000+,28,0.06511627906976744
559688,politics,0-10,38,0.37254901960784315
559688,politics,10-50,54,0.5294117647058824
559688,politics,50-100,1,0.00980392156862745
559688,politics,100-500,9,0.08823529411764706
559688,politics,500-1000,0,0.0
559688,politics,1000+,0,0.0
559689,politics,0-10,91,0.3204225352112676
559689,politics,10-50,1,0.0035211267605633804
559689,politics,50-100,121,0.426056338028169
559689,politics,100-500,71,0.25
559689,politics,500-1000,0,0.0
559689,politics,1000+,0,0.0
559690,politics,0-10,57,0.37012987012987014
559690,politics,10-50,58,0.37662337662337664
559690,politics,50-100,6,0.03896103896103896
559690,politics,100-500,32,0.2077922077922078
559690,politics,500-1000,0,0.0
559690,politics,1000+,1,0.006493506493506494
561240,politics,0-10,2,0.046511627906976744
561240,politics,10-50,0,0.0
561240,politics,50-100,29,0.6744186046511628
561240,politics,100-500,12,0.27906976744186046
561240,politics,500-1000,0,0.0
561240,politics,1000+,0,0.0
561242,politics,0-10,33,0.14798206278026907
561242,politics,10-50,38,0.17040358744394618
561242,politics,50-100,29,0.13004484304932734
561242,politics,100-500,123,0.5515695067264574
561242,politics,500-1000,0,0.0
561242,politics,1000+,0,0.0
561245,politics,0-10,68,0.35233160621761656
561245,politics,10-50,39,0.20207253886010362
561245,politics,50-100,41,0.21243523316062177
561245,politics,100-500,36,0.18652849740932642
561245,politics,500-1000,0,0.0
561245,politics,1000+,9,0.046632124352331605
561247,politics,0-10,3,0.05172413793103448
561247,politics,10-50,34,0.5862068965517241
561247,politics,50-100,9,0.15517241379310345
561247,politics,100-500,12,0.20689655172413793
561247,politics,500-1000,0,0.0
561247,politics,1000+,0,0.0
561248,politics,0-10,11,0.06395348837209303
561248,politics,10-50,56,0.32558139534883723
561248,politics,50-100,66,0.38372093023255816
561248,politics,100-500,39,0.22674418604651161
561248,politics,500-1000,0,0.0
561248,politics,1000+,0,0.0
561249,politics,0-10,39,0.40625
561249,politics,10-50,9,0.09375
561249,politics,50-100,10,0.10416666666666667
561249,politics,100-500,30,0.3125
561249,politics,500-1000,8,0.08333333333333333
561249,politics,1000+,0,0.0
561250,politics,0-10,33,0.36666666666666664
561250,politics,10-50,3,0.03333333333333333
561250,politics,50-100,38,0.4222222222222222
561250,politics,100-500,16,0.17777777777777778
561250,politics,500-1000,0,0.0
561250,politics,1000+,0,0.0
561251,politics,0-10,115,0.5502392344497608
561251,politics,10-50,11,0.05263157894736842
561251,politics,50-100,9,0.0430622009569378
561251,politics,100-500,36,0.1722488038277512
561251,politics,500-1000,0,0.0
561251,politics,1000+,38,0.18181818181818182
561254,politics,0-10,37,0.3274336283185841
561254,politics,10-50,1,0.008849557522123894
561254,politics,50-100,63,0.5575221238938053
561254,politics,100-500,10,0.08849557522123894
561254,politics,500-1000,1,0.008849557522123894
561254,politics,1000+,1,0.008849557522123894
561990,politics,0-10,12,0.17391304347826086
561990,politics,10-50,0,0.0
561990,politics,50-100,28,0.4057971014492754
561990,politics,100-500,29,0.42028985507246375
561990,politics,500-1000,0,0.0
561990,politics,1000+,0,0.0
561992,politics,0-10,4,0.028368794326241134
561992,politics,10-50,10,0.07092198581560284
561992,politics,50-100,61,0.4326241134751773
561992,politics,100-500,66,0.46808510638297873
561992,politics,500-1000,0,0.0
561992,politics,1000+,0,0.0
561993,politics,0-10,4,0.10526315789473684
561993,politics,10-50,1,0.02631578947368421
561993,politics,50-100,31,0.8157894736842105
561993,politics,100-500,2,0.05263157894736842
561993,politics,500-1000,0,0.0
561993,politics,1000+,0,0.0
561994,politics,0-10,3,0.1875
561994,politics,10-50,0,0.0
561994,politics,50-100,12,0.75
561994,politics,100-500,1,0.0625
561994,politics,500-1000,0,0.0
561994,politics,1000+,0,0.0
561995,politics,0-10,29,0.12133891213389121
561995,politics,10-50,0,0.0
561995,politics,50-100,106,0.4435146443514644
561995,politics,100-500,104,0.4351464435146444
561995,politics,500-1000,0,0.0
561995,politics,1000+,0,0.0
561999,politics,0-10,77,0.6062992125984252
561999,politics,10-50,0,0.0
561999,politics,50-100,17,0.13385826771653545
561999,politics,100-500,33,0.25984251968503935
561999,politics,500-1000,0,0.0
561999,politics,1000+,0,0.0
574071,crypto,0-10,38,0.30158730158730157
574071,crypto,10-50,3,0.023809523809523808
574071,crypto,50-100,1,0.007936507936507936
574071,crypto,100-500,68,0.5396825396825397
574071,crypto,500-1000,2,0.015873015873015872
574071,crypto,1000+,14,0.1111111111111111
574072,crypto,0-10,482,0.33058984910836764
574072,crypto,10-50,99,0.06790123456790123
574072,crypto,50-100,121,0.08299039780521263
574072,crypto,100-500,371,0.2544581618655693
574072,crypto,500-1000,370,0.25377229080932784
574072,crypto,1000+,15,0.0102880658436214
574073,crypto,0-10,30,0.4838709677419355
574073,crypto,10-50,31,0.5
574073,crypto,50-100,0,0.0
574073,crypto,100-500,0,0.0
574073,crypto,500-1000,0,0.0
574073,crypto,1000+,1,0.016129032258064516
576410,crypto,0-10,56,0.9180327868852459
576410,crypto,10-50,2,0.03278688524590164
576410,crypto,50-100,1,0.01639344262295082
576410,crypto,100-500,1,0.01639344262295082
576410,crypto,500-1000,0,0.0
576410,crypto,1000+,1,0.01639344262295082
601577,crypto,0-10,337,0.34994807892004154
601577,crypto,10-50,186,0.19314641744548286
601577,crypto,50-100,123,0.1277258566978193
601577,crypto,100-500,205,0.21287642782969884
601577,crypto,500-1000,47,0.04880581516095535
601577,crypto,1000+,65,0.06749740394600208
619977,crypto,0-10,0,0.0
619977,crypto,10-50,0,0.0
619977,crypto,50-100,0,0.0
619977,crypto,100-500,0,0.0
619977,crypto,500-1000,0,0.0
619977,crypto,1000+,0,0.0
620015,crypto,0-10,303,0.536283185840708
620015,crypto,10-50,86,0.15221238938053097
620015,crypto,50-100,43,0.07610619469026549
620015,crypto,100-500,42,0.0743362831858407
620015,crypto,500-1000,56,0.09911504424778761
620015,crypto,1000+,35,0.061946902654867256
666217,crypto,0-10,130,0.4234527687296417
666217,crypto,10-50,59,0.19218241042345277
666217,crypto,50-100,54,0.1758957654723127
666217,crypto,100-500,33,0.10749185667752444
666217,crypto,500-1000,31,0.10097719869706841
666217,crypto,1000+,0,0.0
666646,crypto,0-10,764,0.36625119846596355
666646,crypto,10-50,379,0.18168744007670182
666646,crypto,50-100,325,0.1558005752636625
666646,crypto,100-500,382,0.18312559923298177
666646,crypto,500-1000,14,0.006711409395973154
666646,crypto,1000+,222,0.10642377756471716
686122,crypto,0-10,1797,0.35577113442882596
686122,crypto,10-50,1297,0.25678083547812314
686122,crypto,50-100,454,0.08988319144723816
686122,crypto,100-500,968,0.1916452187685607
686122,crypto,500-1000,129,0.02553949712928133
686122,crypto,1000+,406,0.0803801227479707
687200,crypto,0-10,299,0.27634011090573013
687200,crypto,10-50,238,0.2199630314232902
687200,crypto,50-100,115,0.10628465804066543
687200,crypto,100-500,391,0.3613678373382625
687200,crypto,500-1000,4,0.0036968576709796672
687200,crypto,1000+,35,0.03234750462107209
687778,crypto,0-10,98,0.43946188340807174
687778,crypto,10-50,101,0.452914798206278
687778,crypto,50-100,2,0.008968609865470852
687778,crypto,100-500,5,0.02242152466367713
687778,crypto,500-1000,9,0.04035874439461883
687778,crypto,1000+,8,0.03587443946188341
799384,crypto,0-10,307,0.5561594202898551
799384,crypto,10-50,158,0.286231884057971
799384,crypto,50-100,11,0.019927536231884056
799384,crypto,100-500,75,0.1358695652173913
799384,crypto,500-1000,1,0.0018115942028985507
799384,crypto,1000+,0,0.0
800432,crypto,0-10,734,0.33685176686553464
800432,crypto,10-50,719,0.3299678751720973
800432,crypto,50-100,196,0.08994951812758147
800432,crypto,100-500,407,0.18678292794860027
800432,crypto,500-1000,33,0.015144561725562184
800432,crypto,1000+,90,0.04130335016062414
800505,crypto,0-10,199,0.6199376947040498
800505,crypto,10-50,17,0.0529595015576324
800505,crypto,50-100,29,0.09034267912772585
800505,crypto,100-500,39,0.12149532710280374
800505,crypto,500-1000,28,0.08722741433021806
800505,crypto,1000+,9,0.028037383177570093
800789,crypto,0-10,166,0.41089108910891087
800789,crypto,10-50,127,0.31435643564356436
800789,crypto,50-100,21,0.05198019801980198
800789,crypto,100-500,32,0.07920792079207921
800789,crypto,500-1000,30,0.07425742574257425
800789,crypto,1000+,28,0.06930693069306931
574069,crypto,0-10,60,0.6818181818181818
574069,crypto,10-50,0,0.0
574069,crypto,50-100,28,0.3181818181818182
574069,crypto,100-500,0,0.0
574069,crypto,500-1000,0,0.0
574069,crypto,1000+,0,0.0
574083,crypto,0-10,28,0.9333333333333333
574083,crypto,10-50,0,0.0
574083,crypto,50-100,0,0.0
574083,crypto,100-500,2,0.06666666666666667
574083,crypto,500-1000,0,0.0
574083,crypto,1000+,0,0.0
574084,crypto,0-10,0,0.0
574084,crypto,10-50,0,0.0
574084,crypto,50-100,0,0.0
574084,crypto,100-500,0,0.0
574084,crypto,500-1000,0,0.0
574084,crypto,1000+,0,0.0
574582,crypto,0-10,31,0.5166666666666667
574582,crypto,10-50,0,0.0
574582,crypto,50-100,0,0.0
574582,crypto,100-500,29,0.48333333333333334
574582,crypto,500-1000,0,0.0
574582,crypto,1000+,0,0.0
574583,crypto,0-10,0,0.0
574583,crypto,10-50,0,0.0
574583,crypto,50-100,0,0.0
574583,crypto,100-500,0,0.0
574583,crypto,500-1000,0,0.0
574583,crypto,1000+,0,0.0
576411,crypto,0-10,30,0.33707865168539325
576411,crypto,10-50,0,0.0
576411,crypto,50-100,0,0.0
576411,crypto,100-500,0,0.0
576411,crypto,500-1000,0,0.0
576411,crypto,1000+,59,0.6629213483146067
576993,crypto,0-10,29,0.4915254237288136
576993,crypto,10-50,30,0.5084745762711864
576993,crypto,50-100,0,0.0
576993,crypto,100-500,0,0.0
576993,crypto,500-1000,0,0.0
576993,crypto,1000+,0,0.0
579306,politics,0-10,0,0.0
579306,politics,10-50,0,0.0
579306,politics,50-100,0,0.0
579306,politics,100-500,0,0.0
579306,politics,500-1000,0,0.0
579306,politics,1000+,0,0.0
581247,politics,0-10,0,0.0
581247,politics,10-50,0,0.0
581247,politics,50-100,0,0.0
581247,politics,100-500,0,0.0
581247,politics,500-1000,0,0.0
581247,politics,1000+,0,0.0
585593,politics,0-10,29,0.11507936507936507
585593,politics,10-50,192,0.7619047619047619
585593,politics,50-100,3,0.011904761904761904
585593,politics,100-500,0,0.0
585593,politics,500-1000,28,0.1111111111111111
585593,politics,1000+,0,0.0
587998,crypto,0-10,38,0.9743589743589743
587998,crypto,10-50,1,0.02564102564102564
587998,crypto,50-100,0,0.0
587998,crypto,100-500,0,0.0
587998,crypto,500-1000,0,0.0
587998,crypto,1000+,0,0.0
588775,politics,0-10,653,0.3654168998321209
588775,politics,10-50,506,0.2831561275881365
588775,politics,50-100,330,0.1846670397313934
588775,politics,100-500,212,0.11863458310016788
588775,politics,500-1000,32,0.01790710688304421
588775,politics,1000+,54,0.0302182428651371
598795,crypto,0-10,247,1.0
598795,crypto,10-50,0,0.0
598795,crypto,50-100,0,0.0
598795,crypto,100-500,0,0.0
598795,crypto,500-1000,0,0.0
598795,crypto,1000+,0,0.0
598930,crypto,0-10,36,0.5625
598930,crypto,10-50,0,0.0
598930,crypto,50-100,0,0.0
598930,crypto,100-500,0,0.0
598930,crypto,500-1000,28,0.4375
598930,crypto,1000+,0,0.0
602893,crypto,0-10,0,0.0
602893,crypto,10-50,1,1.0
602893,crypto,50-100,0,0.0
602893,crypto,100-500,0,0.0
602893,crypto,500-1000,0,0.0
602893,crypto,1000+,0,0.0
604067,crypto,0-10,20,0.18018018018018017
604067,crypto,10-50,88,0.7927927927927928
604067,crypto,50-100,0,0.0
604067,crypto,100-500,0,0.0
604067,crypto,500-1000,0,0.0
604067,crypto,1000+,3,0.02702702702702703
606843,crypto,0-10,1,0.014492753623188406
606843,crypto,10-50,2,0.028985507246376812
606843,crypto,50-100,62,0.8985507246376812
606843,crypto,100-500,1,0.014492753623188406
606843,crypto,500-1000,1,0.014492753623188406
606843,crypto,1000+,2,0.028985507246376812
606844,crypto,0-10,5,0.025252525252525252
606844,crypto,10-50,121,0.6111111111111112
606844,crypto,50-100,68,0.3434343434343434
606844,crypto,100-500,2,0.010101010101010102
606844,crypto,500-1000,0,0.0
606844,crypto,1000+,2,0.010101010101010102
611035,crypto,0-10,0,0.0
611035,crypto,10-50,0,0.0
611035,crypto,50-100,69,0.7340425531914894
611035,crypto,100-500,25,0.26595744680851063
611035,crypto,500-1000,0,0.0
611035,crypto,1000+,0,0.0
620022,crypto,0-10,0,0.0
620022,crypto,10-50,0,0.0
620022,crypto,50-100,0,0.0
620022,crypto,100-500,0,0.0
620022,crypto,500-1000,0,0.0
620022,crypto,1000+,0,0.0
620029,crypto,0-10,587,0.7805851063829787
620029,crypto,10-50,24,0.031914893617021274
620029,crypto,50-100,110,0.14627659574468085
620029,crypto,100-500,31,0.041223404255319146
620029,crypto,500-1000,0,0.0
620029,crypto,1000+,0,0.0
620947,crypto,0-10,0,0.0
620947,crypto,10-50,0,0.0
620947,crypto,50-100,0,0.0
620947,crypto,100-500,0,0.0
620947,crypto,500-1000,0,0.0
620947,crypto,1000+,0,0.0
620948,crypto,0-10,25,0.08389261744966443
620948,crypto,10-50,0,0.0
620948,crypto,50-100,204,0.6845637583892618
620948,crypto,100-500,69,0.23154362416107382
620948,crypto,500-1000,0,0.0
620948,crypto,1000+,0,0.0
621018,politics,0-10,0,0.0
621018,politics,10-50,0,0.0
621018,politics,50-100,0,0.0
621018,politics,100-500,0,0.0
621018,politics,500-1000,0,0.0
621018,politics,1000+,0,0.0
635529,politics,0-10,0,0.0
635529,politics,10-50,0,0.0
635529,politics,50-100,0,0.0
635529,politics,100-500,0,0.0
635529,politics,500-1000,0,0.0
635529,politics,1000+,0,0.0
636111,crypto,0-10,0,0.0
636111,crypto,10-50,0,0.0
636111,crypto,50-100,0,0.0
636111,crypto,100-500,0,0.0
636111,crypto,500-1000,0,0.0
636111,crypto,1000+,0,0.0
638492,crypto,0-10,254,0.3675832127351664
638492,crypto,10-50,143,0.20694645441389292
638492,crypto,50-100,145,0.2098408104196816
638492,crypto,100-500,92,0.13314037626628075
638492,crypto,500-1000,28,0.04052098408104197
638492,crypto,1000+,29,0.041968162083936326
639961,crypto,0-10,1,1.0
639961,crypto,10-50,0,0.0
639961,crypto,50-100,0,0.0
639961,crypto,100-500,0,0.0
639961,crypto,500-1000,0,0.0
639961,crypto,1000+,0,0.0
657287,crypto,0-10,28,0.5
657287,crypto,10-50,28,0.5
657287,crypto,50-100,0,0.0
657287,crypto,100-500,0,0.0
657287,crypto,500-1000,0,0.0
657287,crypto,1000+,0,0.0
663849,politics,0-10,0,0.0
663849,politics,10-50,0,0.0
663849,politics,50-100,0,0.0
663849,politics,100-500,0,0.0
663849,politics,500-1000,0,0.0
663849,politics,1000+,0,0.0
670234,crypto,0-10,0,0.0
670234,crypto,10-50,0,0.0
670234,crypto,50-100,0,0.0
670234,crypto,100-500,0,0.0
670234,crypto,500-1000,0,0.0
670234,crypto,1000+,0,0.0
800790,crypto,0-10,7,0.07216494845360824
800790,crypto,10-50,31,0.31958762886597936
800790,crypto,50-100,59,0.6082474226804123
800790,crypto,100-500,0,0.0
800790,crypto,500-1000,0,0.0
800790,crypto,1000+,0,0.0
