market_id,category,trade_total_trades,trade_total_volume,trade_avg_trade_size,trade_median_trade_size,trade_small_trade_share,trade_retail_volume_share,trade_evening_share,trade_weekend_share,trade_burstiness,trade_volatility,trade_whale_share,trade_whale_trade_count,trade_whale_dominated,trade_flow_score,trade_attention_score,trade_score,trade_level,trade_drivers,trade_retail_threshold,trade_retail_threshold_method,trade_coverage,trade_sample_trades,trade_min_trades,trade_confidence_label,trade_confidence_score,trade_score_max
516883,crypto,0,0.0,0.0,0.0,0.0,0.0,0.0,0.0,0.0,0.0,,,False,0.0,0.0,0.0,low,[],,,insufficient,0,25,insufficient,0.0,10.0
516925,politics,691,11373.142328,8.68423054093098,9.789998,0.3748191027496382,0.09456220611538978,0.5050651230101303,0.0,3.0404892833108503,1.066378016940877,0.10530071333509824,6.0,False,0.49402627687714507,1.0,6.81,medium,"[""evening_activity"", ""volume_spikes""]",4.999995,percentile,trade,691,25,high,1.0,10.0
517817,politics,34,6765.49592,204.1908,224.39032,1.0,1.0,0.8529411764705882,0.0,1.6078395537842305,0.4445121711338279,0.03316686945840328,1.0,False,1.0,0.405226369189487,7.01,high,"[""small_trade_bias"", ""evening_activity""]",224.39032,percentile,trade,34,25,low,0.4533333333333333,10.0
527869,crypto,305,6566.909558,7.0196362400000005,4.995,0.8950819672131147,0.20705173232416246,0.09836065573770492,0.0,2.1893767999506863,0.7444924442758929,0.6222484990709233,3.0,True,1.0,0.7929178666337909,6.9,medium,"[""small_trade_bias"", ""volume_spikes""]",4.995,percentile,trade,305,25,high,1.0,10.0
540819,politics,53,12354.6888,232.06165714285711,19.6146,0.5283018867924528,0.04445347097694602,0.4716981132075472,0.0,1.312972838682671,0.31297283868267095,0.03822186116092216,1.0,False,0.6430242838440292,0.2086485591217806,5.98,medium,"[""small_trade_bias"", ""evening_activity""]",19.6146,percentile,trade,53,25,medium,0.7066666666666667,10.0
549618,crypto,0,0.0,0.0,0.0,0.0,0.0,0.0,0.0,0.0,0.0,,,False,0.0,0.0,0.0,low,[],,,insufficient,0,25,insufficient,0.0,10.0
553374,politics,81,1213.597865,14.85799819178082,9.869998,0.37037037037037035,0.034176077757025386,0.6419753086419753,0.0,1.8947684136523033,0.6992778522675666,0.02562607754752436,1.0,False,0.45260441208631397,0.5965122757682022,5.77,medium,"[""evening_activity""]",1.419655,percentile,trade,81,25,high,1.0,10.0
556063,crypto,0,0.0,0.0,0.0,0.0,0.0,0.0,0.0,0.0,0.0,,,False,0.0,0.0,0.0,low,[],,,insufficient,0,25,insufficient,0.0,10.0
558839,crypto,58,5061.015918,87.266979,90.31459500000001,0.4827586206896552,0.007190566595645312,0.0,0.0,1.9716455034094593,0.9716455034094593,0.03418282609716937,1.0,False,0.5675327307619848,0.6477636689396395,5.24,medium,"[""small_trade_bias"", ""volume_spikes""]",1.299699,percentile,trade,58,25,medium,0.7733333333333333,10.0
559662,politics,61,3109.114814,45.69404290909091,72.489,0.4918032786885246,0.06503685199706491,0.4918032786885246,0.0,1.9596630703561726,0.8076691192361669,0.0897531537733685,1.0,False,0.6127926030015176,0.6397753802374484,6.79,medium,"[""small_trade_bias"", ""evening_activity"", ""volume_spikes""]",6.98368,percentile,trade,61,25,medium,0.8133333333333334,10.0
559667,politics,59,2737.03872,47.99296,47.99296,1.0,1.0,0.03389830508474576,0.0,1.3330994219347607,0.3330994219347607,0.017534629542982863,1.0,False,1.0,0.2220662812898405,5.2,medium,"[""small_trade_bias""]",47.99296,percentile,trade,59,25,medium,0.7866666666666666,10.0
559673,politics,82,16615.485529999998,194.38991478378378,84.869941,0.6829268292682927,0.25599482556920505,1.0,0.0,2.7395531566970925,1.0330749869147164,0.029527753439053433,1.0,False,0.9503448628211979,1.0,8.5,high,"[""small_trade_bias"", ""evening_activity"", ""volume_spikes""]",84.869941,percentile,trade,82,25,high,1.0,10.0
561015,crypto,24,699.84,29.16,29.16,1.0,1.0,1.0,0.0,1.0,0.0,0.041666666666666664,1.0,False,1.0,0.0,6.0,medium,"[""small_trade_bias"", ""evening_activity""]",100.0,fixed,trade,24,25,insufficient,0.32,10.0
559675,politics,0,0.0,0.0,0.0,0.0,0.0,0.0,0.0,0.0,0.0,,,False,0.0,0.0,0.0,low,[],,,insufficient,0,25,insufficient,0.0,10.0
561238,politics,84,25560.53131,302.6583909210526,281.46016,0.6785714285714286,0.6229630506064782,0.6309523809523809,0.0,1.4954499201938554,0.2543446338545675,0.014174192062207176,1.0,False,1.0,0.3302999467959036,6.83,medium,"[""small_trade_bias"", ""evening_activity""]",281.46016,percentile,trade,84,25,high,1.0,10.0
561829,politics,180,4527.261254,22.741295432098767,20.0,0.49444444444444446,0.0850403626828115,0.5111111111111111,0.0,1.4951922233828223,0.4224623836908204,0.0357832232140054,1.0,False,0.6278760694615387,0.3301281489218815,6.03,medium,"[""small_trade_bias"", ""evening_activity""]",4.999999,percentile,trade,180,25,high,1.0,10.0
561949,crypto,1,4200.00579,0.0,4200.00579,0.0,0.0,0.0,0.0,1.0,0.0,1.0,1.0,True,0.0,0.0,0.0,low,[],100.0,fixed,trade,1,25,insufficient,0.013333333333333334,10.0
561955,crypto,0,0.0,0.0,0.0,0.0,0.0,0.0,0.0,0.0,0.0,,,False,0.0,0.0,0.0,low,[],,,insufficient,0,25,insufficient,0.0,10.0
561956,crypto,54,2932.999444,53.81998944,0.999999,0.5185185185185185,0.009546531642642889,0.48148148148148145,0.0,2.162568157372649,0.7752720247061662,0.040913743521323355,1.0,False,0.610666190590524,0.7750454382484326,7.33,high,"[""small_trade_bias"", ""evening_activity"", ""volume_spikes""]",0.999999,percentile,trade,54,25,medium,0.72,10.0
561982,politics,180,22640.905904,122.22098175308642,69.99825,0.6833333333333333,0.22464694856142714,0.6777777777777778,0.0,1.8283748486594305,0.650407972159733,0.0137661735498373,1.0,False,0.9320103913590786,0.552249899106287,7.38,high,"[""small_trade_bias"", ""evening_activity""]",69.99825,percentile,trade,180,25,high,1.0,10.0
559665,politics,63,8623.963831000001,138.46582557894737,90.363,0.6031746031746031,0.3657500098344278,0.9841269841269841,0.0,1.9057108178288458,0.7374408251073732,0.025369999606622885,1.0,False,0.9231537096043604,0.6038072118858971,7.51,high,"[""small_trade_bias"", ""evening_activity"", ""volume_spikes""]",90.363,percentile,trade,63,25,medium,0.84,10.0
559674,politics,31,1840.4503599999998,62.07635827586206,63.92941,1.0,1.0,0.967741935483871,0.0,1.6159801970854895,0.4499378397835135,0.03473574261465004,1.0,False,1.0,0.41065346472365966,7.03,high,"[""small_trade_bias"", ""evening_activity""]",63.92941,percentile,trade,31,25,low,0.41333333333333333,10.0
561983,politics,0,0.0,0.0,0.0,0.0,0.0,0.0,0.0,0.0,0.0,,,False,0.0,0.0,0.0,low,[],,,insufficient,0,25,insufficient,0.0,10.0
561986,politics,30,9484.70959,329.9092877589286,335.65392,1.0,1.0,0.0,0.0,1.9642144458727802,0.9642144458727802,0.035388950691109144,1.0,False,1.0,0.6428096305818535,6.11,medium,"[""small_trade_bias"", ""volume_spikes""]",335.65392,percentile,trade,30,25,low,0.4,10.0
516712,crypto,0,0.0,0.0,0.0,0.0,0.0,0.0,0.0,0.0,0.0,,,False,0.0,0.0,0.0,low,[],,,insufficient,0,25,insufficient,0.0,10.0
561987,politics,58,13304.77354,229.288465,229.288465,0.5,0.269579928528419,0.017241379310344827,0.0,1.6254967562969094,0.4540657907004205,0.03454547186528062,1.0,False,0.7450812904503847,0.4169978375312729,4.87,medium,"[""small_trade_bias""]",127.91786,percentile,trade,58,25,medium,0.7733333333333333,10.0
561988,politics,33,1793.1425490000001,50.90458645161291,50.9949,0.9696969696969697,0.8810468497783663,0.09090909090909091,0.0,1.530288406334798,0.3912926398359252,0.11895315022163361,1.0,False,1.0,0.3535256042231986,5.77,medium,"[""small_trade_bias""]",50.9949,percentile,trade,33,25,low,0.44,10.0
561991,politics,206,2374.564993,0.12012,0.12012,0.970873786407767,0.010117221499862312,0.6213592233009708,0.0,2.4110181845626553,1.1141475315420555,0.5533049690672333,2.0,True,1.0,0.9406787897084369,8.35,high,"[""small_trade_bias"", ""evening_activity"", ""volume_spikes""]",0.12012,percentile,trade,206,25,high,1.0,10.0
562000,politics,1,17.0,0.0,17.0,1.0,1.0,1.0,0.0,1.0,0.0,1.0,1.0,True,1.0,0.0,6.0,medium,"[""small_trade_bias"", ""evening_activity""]",100.0,fixed,trade,1,25,insufficient,0.013333333333333334,10.0
562003,politics,35,2118.84749,60.20342696969697,62.0,0.9714285714285714,0.9590671058632917,0.11428571428571428,0.0,1.921003573048368,0.6568050910354807,0.04093289413670825,1.0,False,1.0,0.6140023820322454,6.52,medium,"[""small_trade_bias"", ""volume_spikes""]",62.0,percentile,trade,35,25,low,0.4666666666666667,10.0
566166,sports,136,9120.239297,58.50173319354839,46.99296,0.38235294117647056,0.13185510169624226,0.5808823529411765,0.0,1.5530117773487893,0.39082969078686874,0.0923388403061986,1.0,False,0.5251914923902943,0.36867451823252617,5.29,medium,"[""evening_activity""]",41.95592,percentile,trade,136,25,high,1.0,10.0
566195,sports,176,21432.328897,111.49403610625,47.952,0.3352272727272727,0.02893140148137584,0.028409090909090908,0.0,3.529260218731072,1.1434528720114059,0.020719889197956445,1.0,False,0.4084573257373103,1.0,5.14,medium,"[""volume_spikes""]",15.989994,percentile,trade,176,25,high,1.0,10.0
566203,sports,248,11614.388613000001,44.48998434375,15.989994,0.4032258064516129,0.05214094475211271,0.40725806451612906,0.0,2.989220808543806,1.1561089305885182,0.053591639279514776,2.0,False,0.5017146743781493,1.0,7.02,high,"[""evening_activity"", ""volume_spikes""]",9.99999,percentile,trade,248,25,high,1.0,10.0
566205,sports,151,16889.52365,100.35498569343066,47.904,0.3973509933774834,0.03696550778683448,0.033112582781456956,0.0,6.4677940929864475,1.8546559211813745,0.02626663541218346,1.0,False,0.48575546361249794,1.0,5.62,medium,"[""volume_spikes""]",15.969996,percentile,trade,151,25,high,1.0,10.0
566237,sports,0,0.0,0.0,0.0,0.0,0.0,0.0,0.0,0.0,0.0,,,False,0.0,0.0,0.0,low,[],,,insufficient,0,25,insufficient,0.0,10.0
566239,sports,1,159.68,0.0,159.68,0.0,0.0,0.0,0.0,1.0,0.0,1.0,1.0,True,0.0,0.0,0.0,low,[],100.0,fixed,trade,1,25,insufficient,0.013333333333333334,10.0
566241,sports,5,925.716776,0.0,300.3993,0.4,0.026486368871854602,0.8,0.0,2.7119238673616612,1.2108756582310076,0.3245045437093818,1.0,False,0.4825584879897794,1.0,7.0,high,"[""evening_activity"", ""volume_spikes""]",100.0,fixed,trade,5,25,insufficient,0.06666666666666667,10.0
582752,crypto,1,131.269998,0.0,131.269998,0.0,0.0,1.0,0.0,1.0,0.0,1.0,1.0,True,0.0,0.0,1.5,low,"[""evening_activity""]",100.0,fixed,trade,1,25,insufficient,0.013333333333333334,10.0
559651,politics,0,0.0,0.0,0.0,0.0,0.0,0.0,0.0,0.0,0.0,,,False,0.0,0.0,0.0,low,[],,,insufficient,0,25,insufficient,0.0,10.0
516714,politics,80,263792.736598,3161.897918722222,94.82996,0.3875,3.8841857937940224e-05,0.2375,0.0,2.179039722153463,0.7846980492442934,0.03424548437725442,1.0,False,0.4521066384480961,0.7860264814356421,5.89,medium,"[""volume_spikes""]",0.33333,percentile,trade,80,25,high,1.0,10.0
559652,politics,166,3076.49954,16.882938279999998,13.2,0.3674698795180723,0.03803490541071233,0.46987951807228917,0.0,2.0925192427052326,0.8078606256194258,0.021777997730498606,1.0,False,0.4515358026841784,0.7283461618034884,6.08,medium,"[""evening_activity"", ""volume_spikes""]",2.899999,percentile,trade,166,25,high,1.0,10.0
566153,sports,128,20664.121718000002,163.57760103448277,270.13715,0.453125,0.09216565291236249,0.765625,0.0,2.7275115356418014,1.0211592328973118,0.014636443403086617,1.0,False,0.5839452250807509,1.0,7.4,high,"[""small_trade_bias"", ""evening_activity"", ""volume_spikes""]",59.0409,percentile,trade,128,25,high,1.0,10.0
566163,sports,76,18972.757142,253.72734471428572,289.86984,0.618421052631579,0.494061891998259,0.34210526315789475,0.0,1.8795271374036513,0.6578260550326537,0.0194120089791639,1.0,False,1.0,0.5863514249357675,7.43,high,"[""small_trade_bias"", ""evening_activity""]",289.86984,percentile,trade,76,25,high,1.0,10.0
566167,sports,84,19413.091175,234.39047677631578,317.319363,0.34523809523809523,0.10537737455405527,0.30952380952380953,0.0,1.8016893266866374,0.4508614289675702,0.017084622794494242,1.0,False,0.46600420251021096,0.5344595511244249,5.25,medium,"[""evening_activity""]",70.91788,percentile,trade,84,25,high,1.0,10.0
566170,sports,59,9926.809511,166.61271296363637,1.02,0.559322033898305,0.003246259532258693,0.4915254237288136,0.0,1.6774880021914436,0.5585439723348534,0.038403013433225136,1.0,False,0.6544901286007111,0.45165866812762906,6.82,medium,"[""small_trade_bias"", ""evening_activity""]",1.02,percentile,trade,59,25,medium,0.7866666666666666,10.0
566174,sports,116,8079.891259999999,71.09161566037736,84.89047,0.5,0.21912860000544115,0.5,0.0,1.6180954866371606,0.7131327481276374,0.013463299999906187,1.0,False,0.7148104933365981,0.4120636577581071,6.28,medium,"[""small_trade_bias"", ""evening_activity""]",60.99894,percentile,trade,116,25,high,1.0,10.0
566193,sports,119,36759.995985,291.0562801091743,65.6084,0.5294117647058824,0.08596290495487115,0.4957983193277311,0.0,2.2721483357187275,0.9170465379215726,0.02720348498971687,1.0,False,0.6692248017964522,0.8480988904791517,7.59,high,"[""small_trade_bias"", ""evening_activity"", ""volume_spikes""]",65.6084,percentile,trade,119,25,high,1.0,10.0
566194,sports,213,30198.750556,133.22654192746114,71.856,0.41784037558685444,0.06603804585563464,0.18309859154929578,0.0,4.477628344990987,1.2129820656277497,0.02938074932453507,2.0,False,0.5271032656980442,1.0,6.42,medium,"[""volume_spikes""]",47.904,percentile,trade,213,25,high,1.0,10.0
566197,sports,247,46803.925729,185.71300918834083,312.479208,0.3562753036437247,0.01695839183652508,0.42105263157894735,0.0,3.4014351547935258,1.2908756548935294,0.01897599285031119,2.0,False,0.42582955601959377,1.0,6.67,medium,"[""evening_activity"", ""volume_spikes""]",15.989994,percentile,trade,247,25,high,1.0,10.0
566198,sports,193,25502.393023,122.62828293142857,58.99095,0.30569948186528495,0.024314083444670315,0.11917098445595854,0.0,3.70774908044343,1.1956666562934073,0.017413090591126053,1.0,False,0.3712378455763013,1.0,5.3,medium,"[""volume_spikes""]",15.989994,percentile,trade,193,25,high,1.0,10.0
566150,sports,1,325.009984,0.0,325.009984,0.0,0.0,0.0,0.0,1.0,0.0,1.0,1.0,True,0.0,0.0,0.0,low,[],100.0,fixed,trade,1,25,insufficient,0.013333333333333334,10.0
566154,sports,146,11889.320846,78.85081007575758,78.25572,0.3972602739726027,0.279959145952381,0.6095890410958904,0.0,1.3322556298824626,0.2935031591200879,0.02708311367577673,1.0,False,0.6314458072061317,0.22150375325497507,5.03,medium,"[""evening_activity""]",64.9337,percentile,trade,146,25,high,1.0,10.0
566155,sports,87,4891.236879,53.93717265822785,61.93588,0.3218390804597701,0.001528447749504303,0.022988505747126436,0.0,1.6400837411664273,0.5887316235835945,0.058907917798270266,1.0,False,0.3763959958527677,0.42672249411095153,3.58,low,[],0.267,percentile,trade,87,25,high,1.0,10.0
566156,sports,35,2868.0503329999997,75.90917406060606,79.91984,0.9714285714285714,0.8699710068860914,0.05714285714285714,0.0,2.2967231168089137,0.9306447973010504,0.1300289931139085,1.0,False,1.0,0.8644820778726091,6.91,medium,"[""small_trade_bias"", ""volume_spikes""]",79.91984,percentile,trade,35,25,low,0.4666666666666667,10.0
566158,sports,112,22497.536067999998,202.0194246372549,212.58623999999998,0.5,0.2727869070395305,0.5,0.0,1.4951376181307885,0.2893992430061188,0.014062858707892527,1.0,False,0.7470054775570517,0.33009174542052566,6.08,medium,"[""small_trade_bias"", ""evening_activity""]",157.24848,percentile,trade,112,25,high,1.0,10.0
566160,sports,172,13300.524685999999,68.6537043974359,4.99998,0.3372093023255814,0.010214019311809278,0.8313953488372093,0.0,2.227850883176213,0.7926010444565897,0.024328089127235202,1.0,False,0.3995392643002638,0.8185672554508088,6.08,medium,"[""evening_activity"", ""volume_spikes""]",4.529922,percentile,trade,172,25,high,1.0,10.0
566172,sports,0,0.0,0.0,0.0,0.0,0.0,0.0,0.0,0.0,0.0,,,False,0.0,0.0,0.0,low,[],,,insufficient,0,25,insufficient,0.0,10.0
566196,sports,204,21640.404203000002,93.20000164673912,71.928,0.4264705882352941,0.09160561948862225,0.4362745098039216,0.0,2.545729976337117,0.8891125048126106,0.04104132952733276,2.0,False,0.5525123913010165,1.0,7.2,high,"[""small_trade_bias"", ""evening_activity"", ""volume_spikes""]",47.952,percentile,trade,204,25,high,1.0,10.0
566199,sports,183,17991.757276,84.17917564242425,43.99596,0.3114754098360656,0.008984529833315878,0.04371584699453552,0.0,6.705141209410687,1.7559375569213318,0.03029161891412346,1.0,False,0.36877869604206603,1.0,5.02,medium,"[""volume_spikes""]",5.08491,percentile,trade,183,25,high,1.0,10.0
566200,sports,210,23585.524033,99.66106743684212,36.99297,0.5761904761904761,0.12271509418024384,0.3047619047619048,0.0,5.02199415889374,1.5659526389007705,0.04436909175881867,2.0,False,0.7458512787303685,1.0,8.13,high,"[""small_trade_bias"", ""evening_activity"", ""volume_spikes""]",36.99297,percentile,trade,210,25,high,1.0,10.0
566191,sports,0,0.0,0.0,0.0,0.0,0.0,0.0,0.0,0.0,0.0,,,False,0.0,0.0,0.0,low,[],,,insufficient,0,25,insufficient,0.0,10.0
566201,sports,126,16107.799013000002,117.65646204385965,47.952,0.46825396825396826,0.03849485032061593,0.07936507936507936,0.0,6.482099682472012,1.943523557062279,0.027568973243433402,1.0,False,0.5693932064886659,1.0,6.35,medium,"[""small_trade_bias"", ""volume_spikes""]",15.989994,percentile,trade,126,25,high,1.0,10.0
566202,sports,173,4431.813929,22.50739266878981,22.999977,0.34104046242774566,0.1399127585078719,0.1791907514450867,0.0,3.18497076539678,0.8674606685377341,0.102562767138232,1.0,False,0.48182819460375975,1.0,5.83,medium,"[""volume_spikes""]",15.989994,percentile,trade,173,25,high,1.0,10.0
566204,sports,178,20283.647453,101.0659966851852,48.95095,0.33707865168539325,0.030815824099109577,0.16853932584269662,0.0,5.296978930319288,1.5021235441976937,0.03755948045169369,1.0,False,0.4117479214257579,1.0,5.75,medium,"[""volume_spikes""]",15.989994,percentile,trade,178,25,high,1.0,10.0
566238,sports,0,0.0,0.0,0.0,0.0,0.0,0.0,0.0,0.0,0.0,,,False,0.0,0.0,0.0,low,[],,,insufficient,0,25,insufficient,0.0,10.0
540208,sports,198,1123.748962,3.4738837333333334,2.915449,0.35353535353535354,0.07659285384060716,0.702020202020202,0.0,1.6546782129665838,0.4850667837782337,0.13018622926211879,1.0,False,0.4584136247622767,0.43645214197772253,5.24,medium,"[""evening_activity""]",1.56864,percentile,trade,198,25,high,1.0,10.0
540216,sports,0,0.0,0.0,0.0,0.0,0.0,0.0,0.0,0.0,0.0,,,False,0.0,0.0,0.0,low,[],,,insufficient,0,25,insufficient,0.0,10.0
540217,sports,293,9062.230464,29.617176452830186,8.94432,0.4812286689419795,0.033707344920598126,0.22866894197952217,0.0,4.927610441266478,1.5083607396276972,0.019001939167633156,2.0,False,0.581657854051335,1.0,7.09,high,"[""small_trade_bias"", ""volume_spikes""]",2.659999,percentile,trade,293,25,high,1.0,10.0
540223,sports,259,11561.978869999999,35.494864808510634,8.99976,0.33204633204633205,0.010288769192327716,0.7683397683397684,0.0,2.9288943638004334,1.100850352139521,0.0463432761834826,2.0,False,0.393560648902784,1.0,6.49,medium,"[""evening_activity"", ""volume_spikes""]",2.309974,percentile,trade,259,25,high,1.0,10.0
553861,sports,264,6410.119036,21.7860012605042,18.981,0.3787878787878788,0.10832154162823256,0.24621212121212122,0.0,1.620853616860887,0.4754265966090559,0.0300430034010994,2.0,False,0.5069121168961315,0.4139024112405913,4.93,medium,"[""evening_activity""]",12.987,percentile,trade,264,25,high,1.0,10.0
563368,crypto,1434,2368549.433346,1089.1884381592106,93.659841,0.2615062761506276,0.007560765250612346,0.6910739191073919,0.0,3.6436369496270262,1.1268819105510182,0.08004845531518329,14.0,False,0.309627114659433,1.0,5.96,medium,"[""evening_activity"", ""volume_spikes""]",79.86967,percentile,trade,1434,25,high,1.0,10.0
566152,sports,61,12101.76082,199.20140254545453,96.80928,0.5081967213114754,0.2395001515159676,0.9508196721311475,0.0,1.374701713472578,0.36258533999632364,0.028643921752867695,1.0,False,0.7365962657729686,0.24980114231505204,5.94,medium,"[""small_trade_bias"", ""evening_activity""]",96.80928,percentile,trade,61,25,medium,0.8133333333333334,10.0
566157,sports,59,3894.40537,67.245204,62.99046,0.5254237288135594,0.48239989202767564,0.5084745762711864,0.0,1.7723637763103393,0.6272710757512231,0.01848571814186873,1.0,False,0.9024342854990913,0.5149091842068928,6.73,medium,"[""small_trade_bias"", ""evening_activity""]",62.99046,percentile,trade,59,25,medium,0.7866666666666666,10.0
566165,sports,29,1647.54336,56.81184,56.81184,1.0,1.0,0.0,0.0,1.0,0.0,0.034482758620689655,1.0,False,1.0,0.0,4.5,medium,"[""small_trade_bias""]",56.81184,percentile,trade,29,25,low,0.38666666666666666,10.0
566187,sports,235,9410.313398,33.03426196244131,9.6,0.37872340425531914,0.04820504703875325,0.2553191489361702,0.0,5.240646107036509,1.4687933656996977,0.04534803273296892,2.0,False,0.4707669998544576,1.0,6.43,medium,"[""evening_activity"", ""volume_spikes""]",7.68,percentile,trade,235,25,high,1.0,10.0
566188,sports,150,9233.807198999999,53.55066469852941,9.92,0.3933333333333333,0.030518289360700356,0.21333333333333335,0.0,9.045540245660987,2.6827032068721497,0.029847103590147205,1.0,False,0.47719986250530905,1.0,6.36,medium,"[""volume_spikes""]",6.3,percentile,trade,150,25,high,1.0,10.0
566189,sports,120,14436.632902000001,108.96895520370371,21.411079,0.5,0.0429709911037537,0.03333333333333333,0.0,3.428440332050054,1.5343914169667934,0.03045241109781874,1.0,False,0.6091159279955856,1.0,6.39,medium,"[""small_trade_bias"", ""volume_spikes""]",15.829998,percentile,trade,120,25,high,1.0,10.0
566190,sports,155,25216.107492,156.60586221276597,47.808,0.38064516129032255,0.024514087441771602,0.05161290322580645,0.0,4.6735803211469875,1.4978395641713753,0.017557901041644244,1.0,False,0.45879447397043926,1.0,5.58,medium,"[""volume_spikes""]",15.939998,percentile,trade,155,25,high,1.0,10.0
566192,sports,325,25828.393566000002,63.89526923549488,5.08491,0.4338461538461538,0.0006387156815558337,0.03076923076923077,0.0,3.8529905638439916,1.2378402412408578,0.05157991868893144,3.0,False,0.5065370755627796,1.0,5.89,medium,"[""small_trade_bias"", ""volume_spikes""]",0.117,percentile,trade,325,25,high,1.0,10.0
567469,crypto,106,6131.385751,59.46621014583334,66.12672,0.4528301886792453,0.2978065555086292,0.39622641509433965,0.0,3.1593924205452497,1.058170762256212,0.013428611955555298,1.0,False,0.7069858200976303,1.0,7.4,high,"[""small_trade_bias"", ""evening_activity"", ""volume_spikes""]",56.499998,percentile,trade,106,25,high,1.0,10.0
567687,politics,183,39645.388739,162.402356,12.33,0.4808743169398907,0.004335939297548074,0.6721311475409836,0.0,1.629593050782316,0.6770930101070393,0.12611807219035778,1.0,False,0.5636216000084012,0.419728700521544,6.16,medium,"[""small_trade_bias"", ""evening_activity""]",2.4,percentile,trade,183,25,high,1.0,10.0
569424,politics,10,91.06,0.0,9.07,1.0,1.0,0.0,0.0,1.0,0.0,0.10158137491763672,1.0,False,1.0,0.0,4.5,medium,"[""small_trade_bias""]",100.0,fixed,trade,10,25,insufficient,0.13333333333333333,10.0
569428,politics,0,0.0,0.0,0.0,0.0,0.0,0.0,0.0,0.0,0.0,,,False,0.0,0.0,0.0,low,[],,,insufficient,0,25,insufficient,0.0,10.0
569431,politics,0,0.0,0.0,0.0,0.0,0.0,0.0,0.0,0.0,0.0,,,False,0.0,0.0,0.0,low,[],,,insufficient,0,25,insufficient,0.0,10.0
569434,politics,0,0.0,0.0,0.0,0.0,0.0,0.0,0.0,0.0,0.0,,,False,0.0,0.0,0.0,low,[],,,insufficient,0,25,insufficient,0.0,10.0
569435,politics,0,0.0,0.0,0.0,0.0,0.0,0.0,0.0,0.0,0.0,,,False,0.0,0.0,0.0,low,[],,,insufficient,0,25,insufficient,0.0,10.0
569436,politics,0,0.0,0.0,0.0,0.0,0.0,0.0,0.0,0.0,0.0,,,False,0.0,0.0,0.0,low,[],,,insufficient,0,25,insufficient,0.0,10.0
569437,politics,1,99.8998,0.0,99.8998,1.0,1.0,0.0,0.0,1.0,0.0,1.0,1.0,True,1.0,0.0,4.5,medium,"[""small_trade_bias""]",100.0,fixed,trade,1,25,insufficient,0.013333333333333334,10.0
569438,politics,0,0.0,0.0,0.0,0.0,0.0,0.0,0.0,0.0,0.0,,,False,0.0,0.0,0.0,low,[],,,insufficient,0,25,insufficient,0.0,10.0
569440,politics,1,899.1,0.0,899.1,0.0,0.0,0.0,0.0,1.0,0.0,1.0,1.0,True,0.0,0.0,0.0,low,[],100.0,fixed,trade,1,25,insufficient,0.013333333333333334,10.0
570270,crypto,0,0.0,0.0,0.0,0.0,0.0,0.0,0.0,0.0,0.0,,,False,0.0,0.0,0.0,low,[],,,insufficient,0,25,insufficient,0.0,10.0
572403,crypto,2,13.330300000000001,0.0,6.665150000000001,1.0,1.0,0.5,0.0,1.30308012829729,0.30308012829729,0.9348851863799014,1.0,True,1.0,0.20205341886485995,6.51,medium,"[""small_trade_bias"", ""evening_activity""]",100.0,fixed,trade,2,25,insufficient,0.02666666666666667,10.0
572470,politics,337,7748.457759,17.25427463934426,11.8,0.3798219584569733,0.09444898465761901,0.44510385756676557,0.0,2.887787090637364,0.8257279595324859,0.06710754787248238,3.0,False,0.49979500899437357,1.0,6.85,medium,"[""evening_activity"", ""volume_spikes""]",9.2,percentile,trade,337,25,high,1.0,10.0
572472,politics,24,48.0,2.0,2.0,1.0,1.0,1.0,0.0,1.0,0.0,0.041666666666666664,1.0,False,1.0,0.0,6.0,medium,"[""small_trade_bias"", ""evening_activity""]",100.0,fixed,trade,24,25,insufficient,0.32,10.0
572477,politics,0,0.0,0.0,0.0,0.0,0.0,0.0,0.0,0.0,0.0,,,False,0.0,0.0,0.0,low,[],,,insufficient,0,25,insufficient,0.0,10.0
572489,politics,29,290.0,10.0,10.0,1.0,1.0,1.0,0.0,1.0,0.0,0.034482758620689655,1.0,False,1.0,0.0,6.0,medium,"[""small_trade_bias"", ""evening_activity""]",10.0,percentile,trade,29,25,low,0.38666666666666666,10.0
572494,politics,0,0.0,0.0,0.0,0.0,0.0,0.0,0.0,0.0,0.0,,,False,0.0,0.0,0.0,low,[],,,insufficient,0,25,insufficient,0.0,10.0
573652,crypto,0,0.0,0.0,0.0,0.0,0.0,0.0,0.0,0.0,0.0,,,False,0.0,0.0,0.0,low,[],,,insufficient,0,25,insufficient,0.0,10.0
573653,crypto,1,24.975,0.0,24.975,1.0,1.0,0.0,0.0,1.0,0.0,1.0,1.0,True,1.0,0.0,4.5,medium,"[""small_trade_bias""]",100.0,fixed,trade,1,25,insufficient,0.013333333333333334,10.0
574068,crypto,204,3809.6315830000003,14.128439038043478,4.995,0.27450980392156865,0.016535187360661903,0.4019607843137255,0.0,2.1853396630377437,0.7836091592172149,0.06299815474834065,2.0,False,0.3301825503248939,0.7902264420251625,5.53,medium,"[""evening_activity"", ""volume_spikes""]",1.249749,percentile,trade,204,25,high,1.0,10.0
516713,crypto,0,0.0,0.0,0.0,0.0,0.0,0.0,0.0,0.0,0.0,,,False,0.0,0.0,0.0,low,[],,,insufficient,0,25,insufficient,0.0,10.0
518874,crypto,0,0.0,0.0,0.0,0.0,0.0,0.0,0.0,0.0,0.0,,,False,0.0,0.0,0.0,low,[],,,insufficient,0,25,insufficient,0.0,10.0
516716,politics,757,21078.234931,9.455293199121522,9.499998,0.35931307793923384,0.10591488899844448,0.005284015852047556,0.0,3.483049236718861,1.125766540863117,0.41772150176818806,7.0,False,0.48274752432817286,1.0,5.22,medium,"[""volume_spikes""]",9.199998,percentile,trade,757,25,high,1.0,10.0
516719,politics,742,176700.462825,46.76901873203593,10.0,0.3584905660377358,0.002237691043240764,0.6495956873315364,0.0,9.784630499549,2.243623457253116,0.7381633316669837,7.0,True,0.41958160833663627,1.0,6.69,medium,"[""evening_activity"", ""volume_spikes""]",3.0,percentile,trade,742,25,high,1.0,10.0
516861,crypto,139,36961.546021,152.50458419685037,99.96993,0.2805755395683453,0.016186661257623802,0.10071942446043165,0.0,2.7369321557294937,0.9522869465212614,0.36665565856742655,1.0,False,0.33705012625097713,1.0,5.04,medium,"[""volume_spikes""]",47.359998,percentile,trade,139,25,high,1.0,10.0
516862,crypto,160,64180.59516,349.109985,25.90407,0.38125,0.02213952124404077,0.21875,0.0,2.4910511177954637,0.8304871313178017,0.030949256002505417,1.0,False,0.45807537941309107,0.9940340785303091,6.28,medium,"[""volume_spikes""]",24.4755,percentile,trade,160,25,high,1.0,10.0
516863,crypto,30,152.97687,4.995,4.995,0.9666666666666667,0.9469078560700058,1.0,0.0,1.3088709859409204,0.3088709859409203,0.053092143929994125,1.0,False,1.0,0.2059139906272803,6.51,medium,"[""small_trade_bias"", ""evening_activity""]",4.995,percentile,trade,30,25,low,0.4,10.0
516864,crypto,956,263369.88687,278.0670354153132,259.99974,0.2594142259414226,0.010749553427106274,0.9968619246861925,0.0,1.601762850753879,0.604312502625968,0.01715456362795984,9.0,False,0.3090996623212568,0.40117523383591935,4.45,medium,"[""evening_activity""]",18.449532,percentile,trade,956,25,high,1.0,10.0
516865,crypto,327,42221.064114,82.55090494033898,59.93988,0.3180428134556575,0.04522130010377691,0.7614678899082569,0.0,3.3075849141671414,0.876937862378881,0.2636086075412173,3.0,False,0.3981827290938666,1.0,6.39,medium,"[""evening_activity"", ""volume_spikes""]",38.95194,percentile,trade,327,25,high,1.0,10.0
516866,crypto,0,0.0,0.0,0.0,0.0,0.0,0.0,0.0,0.0,0.0,,,False,0.0,0.0,0.0,low,[],,,insufficient,0,25,insufficient,0.0,10.0
516867,crypto,0,0.0,0.0,0.0,0.0,0.0,0.0,0.0,0.0,0.0,,,False,0.0,0.0,0.0,low,[],,,insufficient,0,25,insufficient,0.0,10.0
516871,crypto,97,9277.42179,50.68483988764045,41.95152,0.5051546391752577,0.13861505988508044,0.5360824742268041,0.0,2.3731580783000803,0.8659306452484778,0.4288018104650602,1.0,False,0.672516114968849,0.9154387188667202,7.58,high,"[""small_trade_bias"", ""evening_activity"", ""volume_spikes""]",41.95152,percentile,trade,97,25,high,1.0,10.0
516872,crypto,272,12026.112499,41.45900222357724,4.995,0.27205882352941174,0.011839524452464546,0.1875,0.0,4.662190822328632,1.5110206460292717,0.03523132517139111,2.0,False,0.32450567545579245,1.0,5.34,medium,"[""volume_spikes""]",3.319677,percentile,trade,272,25,high,1.0,10.0
516873,crypto,913,32039.732853,30.69759568651276,4.995,0.6352683461117196,0.07676362107275526,0.3417305585980285,0.0,4.600805527116843,1.3490291349260486,0.06917356290604898,9.0,False,0.7872045764406593,1.0,8.46,high,"[""small_trade_bias"", ""evening_activity"", ""volume_spikes""]",4.995,percentile,trade,913,25,high,1.0,10.0
516874,crypto,268,523437.762852,1914.7306731900826,1396.4022,0.3208955223880597,0.0009867265502317905,0.6977611940298507,0.0,3.9187572984861845,1.2166531247901589,0.017652510796422174,2.0,False,0.3749701453828753,1.0,6.41,medium,"[""evening_activity"", ""volume_spikes""]",13.719998,percentile,trade,268,25,high,1.0,10.0
516875,crypto,29,257.66391,5.988,5.988,0.9655172413793104,0.6507081259459271,0.9655172413793104,0.0,1.1309698980547644,0.13096989805476444,0.349291874054073,1.0,False,1.0,0.08731326536984296,6.22,medium,"[""small_trade_bias"", ""evening_activity""]",5.988,percentile,trade,29,25,low,0.38666666666666666,10.0
516876,crypto,694,192658.168201,73.26455507188498,54.999945,0.2579250720461095,0.0024637890748799105,0.7953890489913544,0.0,4.258105909678302,1.3845047396857886,0.15556049494217314,6.0,False,0.30239085749872235,1.0,5.93,medium,"[""evening_activity"", ""volume_spikes""]",5.0,percentile,trade,694,25,high,1.0,10.0
516877,crypto,178,14266.241709,79.39010174691357,31.544999,0.34269662921348315,0.018109416009474678,0.19101123595505617,0.0,3.306594151223185,0.9995715175459876,0.012150115884455326,1.0,False,0.41067838368808185,1.0,5.89,medium,"[""volume_spikes""]",5.0,percentile,trade,178,25,high,1.0,10.0
516878,crypto,375,29246.228320000002,59.20693083775811,9.99,0.272,0.003941586748851586,0.6773333333333333,0.0,2.7455488153308556,1.104832680683834,0.06886627683962497,3.0,False,0.31969828538264433,1.0,6.04,medium,"[""evening_activity"", ""volume_spikes""]",1.949049,percentile,trade,375,25,high,1.0,10.0
516879,crypto,0,0.0,0.0,0.0,0.0,0.0,0.0,0.0,0.0,0.0,,,False,0.0,0.0,0.0,low,[],,,insufficient,0,25,insufficient,0.0,10.0
516884,crypto,668,163887.756058,14.368875129568107,4.995,0.2559880239520958,0.001984815490944184,0.3158682634730539,0.0,17.672616094390467,3.731690286298943,0.1873689196106426,6.0,False,0.29984358390534493,1.0,5.77,medium,"[""evening_activity"", ""volume_spikes""]",3.889998,percentile,trade,668,25,high,1.0,10.0
516937,crypto,253,36404.980007,6.766103593886463,3.419998,0.7075098814229249,0.01494246808803089,0.2490118577075099,0.0,3.5002366148317847,1.4928942989361613,0.8872412507791327,2.0,True,0.834393675846231,1.0,8.07,high,"[""small_trade_bias"", ""evening_activity"", ""volume_spikes""]",3.419998,percentile,trade,253,25,high,1.0,10.0
516947,politics,1170,895565.9403359999,172.83762380834912,5.999998,0.35384615384615387,0.0003652342136607845,0.41196581196581195,0.0,4.134822586584121,1.420520024862511,0.27251884811791044,11.0,False,0.4130396533487093,1.0,6.65,medium,"[""evening_activity"", ""volume_spikes""]",1.489998,percentile,trade,1170,25,high,1.0,10.0
520630,politics,904,252008.849726,44.685473557739556,18.0,0.3827433628318584,0.006419615322076882,0.8473451327433629,0.0,6.241794348022747,1.997043898147671,0.7881339531288235,9.0,True,0.4503856924970809,1.0,6.87,medium,"[""evening_activity"", ""volume_spikes""]",10.969944,percentile,trade,904,25,high,1.0,10.0
520930,politics,71,9735.941922,134.42028843076923,5.009998,0.4225352112676056,0.012169335124347303,0.8169014084507042,0.0,4.229726684447935,1.4372080934695621,0.03379447644983599,1.0,False,0.5002593475534817,1.0,7.17,high,"[""small_trade_bias"", ""evening_activity"", ""volume_spikes""]",3.959998,percentile,trade,71,25,medium,0.9466666666666667,10.0
527828,crypto,70,1036.70226,15.1848,15.1848,1.0,1.0,1.0,0.0,1.9841685627425862,0.9841685627425862,0.014647214138416173,1.0,False,1.0,0.6561123751617242,7.64,high,"[""small_trade_bias"", ""evening_activity"", ""volume_spikes""]",15.1848,percentile,trade,70,25,medium,0.9333333333333333,10.0
540206,sports,0,0.0,0.0,0.0,0.0,0.0,0.0,0.0,0.0,0.0,,,False,0.0,0.0,0.0,low,[],,,insufficient,0,25,insufficient,0.0,10.0
540207,sports,0,0.0,0.0,0.0,0.0,0.0,0.0,0.0,0.0,0.0,,,False,0.0,0.0,0.0,low,[],,,insufficient,0,25,insufficient,0.0,10.0
540209,sports,534,15579.895602999999,19.57567718879668,14.6648,0.350187265917603,0.03040924221011932,0.8801498127340824,0.0,3.511531636275424,1.2213744218173572,0.2668047402191569,5.0,False,0.42679735556327514,1.0,6.63,medium,"[""evening_activity"", ""volume_spikes""]",4.999999,percentile,trade,534,25,high,1.0,10.0
540210,sports,844,49705.149659,37.57648775394737,9.0522755,0.31990521327014215,0.003074647014413087,0.7902843601895735,0.0,4.853871726250128,1.5547936692881237,0.08106845386533071,8.0,False,0.37506753702381374,1.0,6.4,medium,"[""evening_activity"", ""volume_spikes""]",1.68295,percentile,trade,844,25,high,1.0,10.0
540211,sports,636,18005.098731000002,20.816592564459928,9.53212,0.32075471698113206,0.01893535031901847,0.8883647798742138,0.0,4.483615519616306,1.4032229889944448,0.06745421972659994,6.0,False,0.38557504666939846,1.0,6.41,medium,"[""evening_activity"", ""volume_spikes""]",2.269981,percentile,trade,636,25,high,1.0,10.0
540212,sports,0,0.0,0.0,0.0,0.0,0.0,0.0,0.0,0.0,0.0,,,False,0.0,0.0,0.0,low,[],,,insufficient,0,25,insufficient,0.0,10.0
540213,sports,0,0.0,0.0,0.0,0.0,0.0,0.0,0.0,0.0,0.0,,,False,0.0,0.0,0.0,low,[],,,insufficient,0,25,insufficient,0.0,10.0
540214,sports,0,0.0,0.0,0.0,0.0,0.0,0.0,0.0,0.0,0.0,,,False,0.0,0.0,0.0,low,[],,,insufficient,0,25,insufficient,0.0,10.0
540215,sports,568,85003.048695,90.86194149023434,18.68825,0.32922535211267606,0.004996053112445368,0.920774647887324,0.0,4.554796676297486,1.8472398485813517,0.08029123784123117,5.0,False,0.38709387599892264,1.0,6.47,medium,"[""evening_activity"", ""volume_spikes""]",3.14587,percentile,trade,568,25,high,1.0,10.0
540218,sports,772,19569.726052,20.703872497126437,4.87968,0.31994818652849744,0.017988135350725753,0.8950777202072538,0.0,4.230097597930946,1.5317183784428021,0.08298532108649673,7.0,False,0.38406576549368243,1.0,6.4,medium,"[""evening_activity"", ""volume_spikes""]",2.13824,percentile,trade,772,25,high,1.0,10.0
540219,sports,0,0.0,0.0,0.0,0.0,0.0,0.0,0.0,0.0,0.0,,,False,0.0,0.0,0.0,low,[],,,insufficient,0,25,insufficient,0.0,10.0
540220,sports,626,15748.348893,23.157303553191486,15.088,0.3402555910543131,0.037539980922240035,0.8019169329073482,0.0,4.001135659749651,1.4153000805706717,0.03455409819132713,6.0,False,0.41948884478337595,1.0,6.55,medium,"[""evening_activity"", ""volume_spikes""]",8.7318,percentile,trade,626,25,high,1.0,10.0
540221,sports,0,0.0,0.0,0.0,0.0,0.0,0.0,0.0,0.0,0.0,,,False,0.0,0.0,0.0,low,[],,,insufficient,0,25,insufficient,0.0,10.0
540222,sports,0,0.0,0.0,0.0,0.0,0.0,0.0,0.0,0.0,0.0,,,False,0.0,0.0,0.0,low,[],,,insufficient,0,25,insufficient,0.0,10.0
540224,sports,833,41104.72533,29.640973129161118,9.999999,0.30012004801920766,0.014667044048096062,0.858343337334934,0.0,6.1048335040902595,1.8225842911615386,0.1106625470303319,8.0,False,0.3589402824512666,1.0,6.25,medium,"[""evening_activity"", ""volume_spikes""]",5.0215,percentile,trade,833,25,high,1.0,10.0
540225,sports,0,0.0,0.0,0.0,0.0,0.0,0.0,0.0,0.0,0.0,,,False,0.0,0.0,0.0,low,[],,,insufficient,0,25,insufficient,0.0,10.0
540226,sports,0,0.0,0.0,0.0,0.0,0.0,0.0,0.0,0.0,0.0,,,False,0.0,0.0,0.0,low,[],,,insufficient,0,25,insufficient,0.0,10.0
540227,sports,639,16874.784697,21.35902360311958,13.38163,0.3411580594679186,0.0356121856835801,0.7183098591549296,0.0,3.7491707469016107,1.2697970777879417,0.06114992982301279,6.0,False,0.41938504745605315,1.0,6.56,medium,"[""evening_activity"", ""volume_spikes""]",7.8,percentile,trade,639,25,high,1.0,10.0
540228,sports,0,0.0,0.0,0.0,0.0,0.0,0.0,0.0,0.0,0.0,,,False,0.0,0.0,0.0,low,[],,,insufficient,0,25,insufficient,0.0,10.0
540229,sports,0,0.0,0.0,0.0,0.0,0.0,0.0,0.0,0.0,0.0,,,False,0.0,0.0,0.0,low,[],,,insufficient,0,25,insufficient,0.0,10.0
540230,sports,0,0.0,0.0,0.0,0.0,0.0,0.0,0.0,0.0,0.0,,,False,0.0,0.0,0.0,low,[],,,insufficient,0,25,insufficient,0.0,10.0
540232,sports,757,14450.055298000001,15.847919193265007,4.99928,0.35006605019815057,0.01580529384075164,0.8731836195508587,0.0,4.103805192225955,1.4224707786375828,0.06721660519419834,7.0,False,0.4178935682022933,1.0,6.63,medium,"[""evening_activity"", ""volume_spikes""]",1.76096,percentile,trade,757,25,high,1.0,10.0
540233,sports,685,9850.520853,8.320829572447325,4.68,0.3182481751824818,0.03781888344376667,0.7722627737226277,0.0,3.7761744936718395,1.2419024264711442,0.2106158000130676,6.0,False,0.39398086777915536,1.0,6.39,medium,"[""evening_activity"", ""volume_spikes""]",3.30804,percentile,trade,685,25,high,1.0,10.0
540234,sports,646,10315.463235,11.041423222508591,5.71684,0.3080495356037152,0.0369451573155648,0.6718266253869969,0.0,5.492793881079579,1.8092055658400874,0.219719146718475,6.0,False,0.38155821926033995,1.0,6.31,medium,"[""evening_activity"", ""volume_spikes""]",3.78197,percentile,trade,646,25,high,1.0,10.0
540235,sports,802,41875.030624,31.8937872132964,5.177459,0.31296758104738154,0.004492250565476267,0.8254364089775561,0.0,4.7936519909635145,1.6210761150690258,0.17945626021090122,8.0,False,0.3678241948945642,1.0,6.35,medium,"[""evening_activity"", ""volume_spikes""]",1.78458,percentile,trade,802,25,high,1.0,10.0
540236,sports,0,0.0,0.0,0.0,0.0,0.0,0.0,0.0,0.0,0.0,,,False,0.0,0.0,0.0,low,[],,,insufficient,0,25,insufficient,0.0,10.0
540237,sports,0,0.0,0.0,0.0,0.0,0.0,0.0,0.0,0.0,0.0,,,False,0.0,0.0,0.0,low,[],,,insufficient,0,25,insufficient,0.0,10.0
551963,politics,1097,608256.359816,162.96373455308392,80.3889,0.3701002734731085,0.012767156204251045,0.5797629899726527,0.0,8.094296035170336,2.2583329210347682,0.19164716015014308,10.0,False,0.4394439461078438,1.0,6.78,medium,"[""evening_activity"", ""volume_spikes""]",61.5766,percentile,trade,1097,25,high,1.0,10.0
553874,sports,424,44319.868234,80.68866809947644,13.944,0.30424528301886794,0.01125580106344501,0.4033018867924528,0.0,6.0533481803353935,1.504924141380395,0.058003748260873046,4.0,False,0.3617063108267463,1.0,6.28,medium,"[""evening_activity"", ""volume_spikes""]",5.98388,percentile,trade,424,25,high,1.0,10.0
553875,sports,487,23609.766845,41.92932731435079,28.942,0.31211498973305957,0.060269555787728926,0.3408624229979466,0.0,2.95521571978515,0.6612098722434252,0.05748807300430586,4.0,False,0.40029588816120687,1.0,6.3,medium,"[""evening_activity"", ""volume_spikes""]",13.972,percentile,trade,487,25,high,1.0,10.0
553877,sports,416,20123.207771999998,37.846878617021275,28.797,0.34375,0.09473351622659974,0.34615384615384615,0.0,3.017069991624701,0.9207275274077199,0.06957141266254775,4.0,False,0.4578817764026265,1.0,6.56,medium,"[""evening_activity"", ""volume_spikes""]",18.848,percentile,trade,416,25,high,1.0,10.0
553878,sports,301,10577.547499,32.720555044280445,19.92,0.31893687707641194,0.0936226464682501,0.3222591362126246,0.0,2.6844160007983184,0.7705924352297361,0.0427029698559806,3.0,False,0.428266611136764,1.0,6.27,medium,"[""evening_activity"", ""volume_spikes""]",14.94,percentile,trade,301,25,high,1.0,10.0
553879,sports,470,19684.971001,39.68688470990566,37.95579,0.3191489361702128,0.08354207033967476,0.2553191489361702,0.0,2.8231202578500123,0.8143441747613228,0.04212745611654051,4.0,False,0.4224656677357198,1.0,5.99,medium,"[""evening_activity"", ""volume_spikes""]",18.962,percentile,trade,470,25,high,1.0,10.0
553880,sports,383,16300.02338,37.25415824057971,18.962,0.3629242819843342,0.04870581958637657,0.5248041775456919,0.0,3.7035140625207754,1.1012697079769744,0.0920806119113677,3.0,False,0.45263515406688243,1.0,6.72,medium,"[""evening_activity"", ""volume_spikes""]",9.98,percentile,trade,383,25,high,1.0,10.0
553882,sports,405,49648.625745,75.16617323013699,26.99298,0.3111111111111111,0.027438143464367508,0.45185185185185184,0.0,3.141418174886225,1.1134897798740317,0.08924879618538574,4.0,False,0.3794258490415835,1.0,6.33,medium,"[""evening_activity"", ""volume_spikes""]",14.985,percentile,trade,405,25,high,1.0,10.0
553883,sports,341,11202.200733,30.986030765472314,18.981,0.3343108504398827,0.08715453179872956,0.2668621700879765,0.0,2.004157824874485,0.5860565604075146,0.056027563954562105,3.0,False,0.4423220445924341,0.6694385499163232,5.32,medium,"[""evening_activity"", ""volume_spikes""]",12.987,percentile,trade,341,25,high,1.0,10.0
553884,sports,351,19238.647333,48.145894384858046,19.96,0.3333333333333333,0.06466848497534128,0.36182336182336183,0.0,4.005579706378963,1.0377009266914998,0.042077430548427636,3.0,False,0.4276899798740937,1.0,6.5,medium,"[""evening_activity"", ""volume_spikes""]",13.972,percentile,trade,351,25,high,1.0,10.0
553885,sports,323,5724.151329,13.36635816838488,12.974,0.30959752321981426,0.022812220099501145,0.43034055727554177,0.0,2.476914620348695,0.6517697802159429,0.12394708686430676,3.0,False,0.3748844424828173,0.98460974689913,6.28,medium,"[""evening_activity"", ""volume_spikes""]",1.6,percentile,trade,323,25,high,1.0,10.0
556033,crypto,2675,1179869.519557,175.13924331050228,24.4544,0.2542056074766355,0.0014044714975111662,0.3880373831775701,0.0,4.910540988501083,1.2698103105898453,0.24078066353190128,26.0,False,0.2974158916212481,1.0,5.91,medium,"[""evening_activity"", ""volume_spikes""]",4.999998,percentile,trade,2675,25,high,1.0,10.0
556034,crypto,901,194254.498581,71.73440459679408,82.559998,0.26526082130965595,0.002796212736218857,0.416204217536071,0.0,5.792784911274405,1.63041289882465,0.21080656113055043,9.0,False,0.3111486858363299,1.0,5.99,medium,"[""evening_activity"", ""volume_spikes""]",4.74,percentile,trade,901,25,high,1.0,10.0
556062,crypto,103,18479.975935,151.77752403225807,14.999998,0.4077669902912621,0.018655868449863326,0.3883495145631068,0.0,2.900361541991545,1.3269468869897625,0.047081230141223125,1.0,False,0.48692167640972384,1.0,7.06,high,"[""evening_activity"", ""volume_spikes""]",9.7584,percentile,trade,103,25,high,1.0,10.0
556077,crypto,7210,2837974.273199,113.47033488274269,28.8,0.2524271844660194,0.0014579166414839008,0.5649098474341193,0.0,5.090872458115704,1.230866451145665,0.32942331674140757,72.0,False,0.295373131861913,1.0,5.89,medium,"[""evening_activity"", ""volume_spikes""]",5.1,percentile,trade,7210,25,high,1.0,10.0
556122,crypto,485,71220.325877,105.56458006636154,15.099998,0.27010309278350514,0.007348242451232727,0.44742268041237115,0.0,9.236513147778803,2.6592912806178037,0.058623713674249636,4.0,False,0.31952922038482895,1.0,6.03,medium,"[""evening_activity"", ""volume_spikes""]",6.809998,percentile,trade,485,25,high,1.0,10.0
558957,sports,107,7008.503155,65.48943958762887,54.9399,0.5233644859813084,0.3319223532546159,0.6448598130841121,0.0,1.9851939862607848,0.6372982070438127,0.02650196067436885,1.0,False,0.8097453122642959,0.6567959908405232,7.07,high,"[""small_trade_bias"", ""evening_activity"", ""volume_spikes""]",54.9399,percentile,trade,107,25,high,1.0,10.0
558960,sports,76,4341.337831,51.843769428571434,19.98,0.3815789473684211,0.0732983454380701,0.5,0.0,1.5840294498069774,0.4781481153011326,0.09078065595029249,1.0,False,0.4891544458593333,0.3893529665379849,5.34,medium,"[""evening_activity""]",10.98798,percentile,trade,76,25,high,1.0,10.0
558978,sports,203,1524.550348,6.489080699453552,2.0,0.7142857142857143,0.18502103283767704,0.3054187192118227,0.0,1.5650896672609356,0.4038609264744985,0.042632203052699706,2.0,False,0.9443459530359395,0.37672644484062373,6.75,medium,"[""small_trade_bias"", ""evening_activity""]",2.0,percentile,trade,203,25,high,1.0,10.0
559664,politics,104,7180.564768,56.05052215957446,47.9988,0.3557692307692308,0.03819585908092738,0.9807692307692307,0.0,1.7524258331280036,0.6076682513383664,0.05271031642061501,1.0,False,0.43798161801265895,0.5016172220853358,5.42,medium,"[""evening_activity""]",10.001554999999886,percentile,trade,104,25,high,1.0,10.0
559666,politics,179,19025.098766,98.10912323926381,63.68,0.39664804469273746,0.08420363498259066,0.7821229050279329,0.0,2.9430805376474205,0.9391379036088935,0.019773876216207183,1.0,False,0.5132782331310813,1.0,6.97,medium,"[""evening_activity"", ""volume_spikes""]",46.765,percentile,trade,179,25,high,1.0,10.0
559670,politics,111,63241.617692,518.0934886732673,6.79585,0.35135135135135137,0.0022266699388654846,0.5495495495495496,0.0,6.115510362479312,1.8030313290334639,0.04667852923018173,1.0,False,0.4112459118732292,1.0,6.64,medium,"[""evening_activity"", ""volume_spikes""]",6.397876999999999,percentile,trade,111,25,high,1.0,10.0
559671,politics,49,1986.314299,27.07356726666665,2.044,0.5714285714285714,0.028813164174880664,0.20408163265306123,0.0,1.8518382466288563,0.5837912192530532,0.17945291496892155,1.0,False,0.683954565171595,0.5678921644192375,6.58,medium,"[""small_trade_bias""]",2.044,percentile,trade,49,25,low,0.6533333333333333,10.0
559672,politics,51,3543.3145990000003,59.5700980212766,4.99479,0.7058823529411765,0.0403503883172977,0.7843137254901961,0.0,2.481446573717822,1.0944945055936686,0.10480864332645164,1.0,False,0.8477396447550845,0.9876310491452148,8.47,high,"[""small_trade_bias"", ""evening_activity"", ""volume_spikes""]",4.99479,percentile,trade,51,25,medium,0.68,10.0
559676,politics,150,16775.789739,104.94473829044118,86.304,0.44,0.2518176962589791,0.5866666666666667,0.0,2.05986239334539,0.7186735035328646,0.021277316034200446,1.0,False,0.6644239510887208,0.7065749288969266,6.57,medium,"[""small_trade_bias"", ""evening_activity"", ""volume_spikes""]",80.433,percentile,trade,150,25,high,1.0,10.0
559677,politics,20,1013.5059640000001,41.74080244444444,10.64832,0.8,0.20517736588277244,0.35,0.0,2.311569073049215,0.7499521041436298,0.254731229188899,1.0,False,1.0,0.8743793820328101,8.19,high,"[""small_trade_bias"", ""evening_activity"", ""volume_spikes""]",100.0,fixed,trade,20,25,insufficient,0.26666666666666666,10.0
559678,politics,176,5623.97855,21.5444729375,4.999875,0.5227272727272727,0.0632176584315031,0.6534090909090909,0.0,2.070713458417886,0.8554366679937955,0.265114809159434,1.0,False,0.6477790799073867,0.7138089722785906,7.2,high,"[""small_trade_bias"", ""evening_activity"", ""volume_spikes""]",4.999875,percentile,trade,176,25,high,1.0,10.0
559679,politics,135,15059.073314000001,89.99529900813008,5.99985,0.42962962962962964,0.02110640073081458,0.837037037037037,0.0,1.8418735233451966,0.7795692135121775,0.05837758616811525,1.0,False,0.5138984083397233,0.5612490155634644,6.13,medium,"[""small_trade_bias"", ""evening_activity""]",5.9899,percentile,trade,135,25,high,1.0,10.0
559680,politics,156,6642.389865,41.462907612676055,50.745,0.7948717948717948,0.6935263729811197,0.9487179487179487,0.0,1.9514622297655335,0.8897361309387751,0.05564261079396911,1.0,False,1.0,0.6343081531770224,7.59,high,"[""small_trade_bias"", ""evening_activity"", ""volume_spikes""]",50.745,percentile,trade,156,25,high,1.0,10.0
559681,politics,31,9789.148776,326.07116496551726,344.999992,1.0,1.0,0.967741935483871,0.0,1.7789974466634608,0.7272642142245219,0.03524310436938445,1.0,False,1.0,0.5193316311089738,7.3,high,"[""small_trade_bias"", ""evening_activity""]",344.999992,percentile,trade,31,25,low,0.41333333333333333,10.0
559682,politics,184,29374.819984,157.3864823433735,207.90525,0.4076086956521739,0.062274754466457874,0.717391304347826,0.0,6.271024374122083,1.7866388136851803,0.034421317153628214,1.0,False,0.5129083309407443,1.0,7.06,high,"[""evening_activity"", ""volume_spikes""]",47.71025,percentile,trade,184,25,high,1.0,10.0
559683,politics,62,3871.3009110000003,49.23287764285715,3.98594,0.5967741935483871,0.03419839042318247,0.6774193548387096,0.0,2.81898328182367,1.183029026300769,0.09539943535533656,1.0,False,0.7167555933936944,1.0,8.48,high,"[""small_trade_bias"", ""evening_activity"", ""volume_spikes""]",3.98594,percentile,trade,62,25,medium,0.8266666666666667,10.0
559684,politics,61,2454.096011,28.065421309090908,7.99176,0.639344262295082,0.11499257923694983,0.21311475409836064,0.0,2.277269099528921,0.7411191664905319,0.1426186283793279,1.0,False,0.8148971868864322,0.8515127330192808,7.54,high,"[""small_trade_bias"", ""volume_spikes""]",7.99176,percentile,trade,61,25,medium,0.8133333333333334,10.0
559685,politics,85,5281.3825830000005,58.38626990909092,72.9932,0.35294117647058826,0.003442280447267495,0.36470588235294116,0.0,1.6451726579946335,0.619343251474286,0.03711621851273863,1.0,False,0.41383007415071343,0.43011510532975566,5.22,medium,"[""evening_activity""]",3.1839299999999913,percentile,trade,85,25,high,1.0,10.0
559687,politics,430,32676.502621,30.03941938402062,8.0,0.5627906976744186,0.044202544830233656,0.27209302325581397,0.0,4.910402571201535,1.588699198829082,0.12253329698224194,4.0,False,0.683110674184962,1.0,7.89,high,"[""small_trade_bias"", ""evening_activity"", ""volume_spikes""]",8.0,percentile,trade,430,25,high,1.0,10.0
559688,politics,102,3855.5997310000002,28.206850967391308,11.0,0.35294117647058826,0.0257377570088849,0.3333333333333333,0.0,2.1190274049609568,0.6997817620619887,0.0925666453730749,1.0,False,0.42720736008768384,0.7460182699739711,5.94,medium,"[""evening_activity"", ""volume_spikes""]",9.174983099999997,percentile,trade,102,25,high,1.0,10.0
559689,politics,284,24361.721368,83.73952115624999,77.298,0.3908450704225352,0.06240203050663182,0.9154929577464789,0.0,2.4986099859862456,1.0022962442380938,0.02302450108212731,2.0,False,0.4934271337969368,0.9990733239908304,6.93,medium,"[""evening_activity"", ""volume_spikes""]",72.8442,percentile,trade,284,25,high,1.0,10.0
559690,politics,154,7516.6327,36.557382714285716,10.98258,0.37012987012987014,0.05287847974798608,0.974025974025974,0.0,1.9350969572699073,0.5620509225300582,0.13588528810247705,1.0,False,0.46354526966697346,0.6233979715132715,5.83,medium,"[""evening_activity"", ""volume_spikes""]",6.99072,percentile,trade,154,25,high,1.0,10.0
561240,politics,43,5766.510208000001,128.2897632820513,63.488,0.6976744186046512,0.30894179247761766,0.7209302325581395,0.0,2.0027117809575525,0.656598486594594,0.07053139339556684,1.0,False,0.9993185638586636,0.6684745206383683,7.67,high,"[""small_trade_bias"", ""evening_activity"", ""volume_spikes""]",63.488,percentile,trade,43,25,low,0.5733333333333334,10.0
561242,politics,223,39415.617158,175.1080157114428,144.75954,0.4484304932735426,0.07544054726024949,0.7982062780269058,0.0,3.290884477808508,1.149375057618513,0.01942945601816016,2.0,False,0.5684332371752827,1.0,7.36,high,"[""small_trade_bias"", ""evening_activity"", ""volume_spikes""]",78.368,percentile,trade,223,25,high,1.0,10.0
561245,politics,193,60513.4469,102.2363124,42.9536,0.35233160621761656,0.0009779856053779017,0.7512953367875648,0.0,5.323076774393595,1.5583783192969054,0.0783227416847081,1.0,False,0.411640331950446,1.0,6.64,medium,"[""evening_activity"", ""volume_spikes""]",4.199873999999861,percentile,trade,193,25,high,1.0,10.0
561247,politics,58,5705.133641,92.19981498148148,27.99267,0.5689655172413793,0.14841995355109333,0.20689655172413793,0.0,1.9845614296098315,0.5604601134492828,0.06314571098055019,1.0,False,0.7528450755789319,0.6563742864065544,6.79,medium,"[""small_trade_bias"", ""volume_spikes""]",27.99267,percentile,trade,58,25,medium,0.7733333333333333,10.0
561248,politics,172,18005.153906,98.22807232692307,61.9344,0.38953488372093026,0.1353249704346071,0.6104651162790697,0.0,2.452357485593735,0.7241411464473898,0.0194743239536072,1.0,False,0.5356523466018495,0.9682383237291567,6.84,medium,"[""evening_activity"", ""volume_spikes""]",43.99049,percentile,trade,172,25,high,1.0,10.0
561249,politics,96,18141.48149,165.54369875,45.44352,0.3958333333333333,0.0033740299563594246,0.3125,0.0,2.8091006132025838,1.0973841071762929,0.04921318032885748,1.0,False,0.46382997352937116,1.0,6.81,medium,"[""evening_activity"", ""volume_spikes""]",4.799878,percentile,trade,96,25,high,1.0,10.0
561250,politics,90,7826.718,78.17089390243902,56.93673,0.36666666666666664,0.024779819587213953,0.7888888888888889,0.0,1.917510841483748,0.6941357367810198,0.0446727696078995,1.0,False,0.4426456695301061,0.6116738943224987,5.78,medium,"[""evening_activity"", ""volume_spikes""]",6.99223,percentile,trade,90,25,high,1.0,10.0
561251,politics,209,97865.00904,376.4282095238096,1.66,0.41148325358851673,0.001172965916276382,0.7607655502392344,0.0,2.742449835183927,1.109847910189621,0.054582122746412005,2.0,False,0.4807675754030353,1.0,7.09,high,"[""evening_activity"", ""volume_spikes""]",1.47552,percentile,trade,209,25,high,1.0,10.0
561254,politics,113,10066.676874,71.38926446601943,89.86528,0.40707964601769914,0.05762867004287635,0.9026548672566371,0.0,2.2253815022826275,0.6950427183288518,0.101142607907651,1.0,False,0.5095034557130415,0.8169210015217517,6.6,medium,"[""evening_activity"", ""volume_spikes""]",68.92405,percentile,trade,113,25,high,1.0,10.0
561990,politics,69,11705.240394,170.37047722222223,84.235,0.5797101449275363,0.2038785953702644,0.43478260869565216,0.0,3.064662133371007,1.0852611001854304,0.027594472401059514,1.0,False,0.7986556596376175,1.0,8.35,high,"[""small_trade_bias"", ""evening_activity"", ""volume_spikes""]",84.235,percentile,trade,69,25,medium,0.92,10.0
561992,politics,141,19298.635402,133.76708047244094,91.9518,0.5319148936170213,0.26518640387753156,0.46099290780141844,0.0,1.9416634396813686,0.6404726901965738,0.016253935237695204,1.0,False,0.7796792182130436,0.6277756264542457,7.06,high,"[""small_trade_bias"", ""evening_activity"", ""volume_spikes""]",91.9518,percentile,trade,141,25,high,1.0,10.0
561993,politics,38,3392.0975369999996,82.69513137638887,92.96882,0.9473684210526315,0.8429473883963968,0.868421052631579,0.0,2.505914860022055,1.0952635733438914,0.08214915902637857,1.0,False,1.0,1.0,8.5,high,"[""small_trade_bias"", ""evening_activity"", ""volume_spikes""]",92.96882,percentile,trade,38,25,low,0.5066666666666667,10.0
561994,politics,16,1012.407025,0.0,52.629,0.9375,0.7533147105532975,0.1875,0.0,1.9286340473383774,0.6965867795252991,0.24668528944670254,1.0,False,1.0,0.6190893648922516,6.85,medium,"[""small_trade_bias"", ""volume_spikes""]",100.0,fixed,trade,16,25,insufficient,0.21333333333333335,10.0
561995,politics,239,36091.068403,149.49041949308756,90.454,0.4476987447698745,0.15993616469165517,0.7531380753138075,0.0,2.4501771493335833,0.8120556712969845,0.01835689314049039,2.0,False,0.6182769010465132,0.9667847662223888,7.27,high,"[""small_trade_bias"", ""evening_activity"", ""volume_spikes""]",90.363,percentile,trade,239,25,high,1.0,10.0
561999,politics,127,11900.107092999999,86.20825594782609,1.15,0.5354330708661418,0.004430548362965056,0.5748031496062992,0.0,4.312914147990222,1.6201264399275153,0.02937872249953541,1.0,False,0.6273302450282778,1.0,8.02,high,"[""small_trade_bias"", ""evening_activity"", ""volume_spikes""]",1.15,percentile,trade,127,25,high,1.0,10.0
574071,crypto,126,128956.08414,692.5009444912281,131.736,0.29365079365079366,0.0009565270442462118,0.23809523809523808,0.0,2.4088908944480525,0.847555981310696,0.07746823320995423,1.0,False,0.34316650881914035,0.9392605962987016,5.57,medium,"[""volume_spikes""]",4.0,percentile,trade,126,25,high,1.0,10.0
574072,crypto,1458,514730.818068,260.4479251050229,323.999676,0.2503429355281207,0.0015112185975568245,0.4334705075445816,0.0,3.0541754551100393,0.7924347474035444,0.2736943447854501,14.0,False,0.29297348927467487,1.0,5.88,medium,"[""evening_activity"", ""volume_spikes""]",6.25,percentile,trade,1458,25,high,1.0,10.0
574073,crypto,62,2218.06971,14.103382499999999,16.04394,0.46774193548387094,0.0783681410986853,0.967741935483871,0.0,1.4116245025780243,0.2784246795339352,0.6047318143125447,1.0,True,0.5927198093903939,0.2744163350520162,5.69,medium,"[""small_trade_bias"", ""evening_activity""]",5.994,percentile,trade,62,25,medium,0.8266666666666667,10.0
576410,crypto,61,5864.328896,5.639471672727273,4.999995,0.4918032786885246,0.014734848186795832,0.14754098360655737,0.0,1.9216234812311355,0.9124568830167797,0.914227935554043,1.0,True,0.5826114007153561,0.6144156541540903,5.86,medium,"[""small_trade_bias"", ""volume_spikes""]",3.0,percentile,trade,61,25,medium,0.8133333333333334,10.0
601577,crypto,963,254003.780871,150.6051669480969,46.2536,0.2533748701973001,0.0019735121000209956,0.42471443406022846,0.0,4.085638659258499,1.0611188519083385,0.15864566958341966,9.0,False,0.29678812249019604,1.0,5.9,medium,"[""evening_activity"", ""volume_spikes""]",3.93,percentile,trade,963,25,high,1.0,10.0
619977,crypto,0,0.0,0.0,0.0,0.0,0.0,0.0,0.0,0.0,0.0,,,False,0.0,0.0,0.0,low,[],,,insufficient,0,25,insufficient,0.0,10.0
620015,crypto,565,129421.326189,130.03060079371315,9.08656,0.2584070796460177,0.0009417433400582723,0.7557522123893805,0.0,4.851274267902531,1.5512445067826641,0.23775253552930506,5.0,False,0.3020399722577223,1.0,5.94,medium,"[""evening_activity"", ""volume_spikes""]",1.33,percentile,trade,565,25,high,1.0,10.0
666217,crypto,307,27498.944943,70.24756571480144,39.999998,0.3322475570032573,0.008119402561182109,0.5374592833876222,0.0,4.541902619746067,1.3738552420043857,0.0728027566202906,3.0,False,0.3924937913738428,1.0,6.49,medium,"[""evening_activity"", ""volume_spikes""]",3.992,percentile,trade,307,25,high,1.0,10.0
666646,crypto,2086,833480.047147,175.62418368157614,24.999998,0.25119846596356665,0.001070944744334799,0.439117929050815,0.0,5.211245729777807,1.3707217634904898,0.20523746739414156,20.0,False,0.2937074438040953,1.0,5.88,medium,"[""evening_activity"", ""volume_spikes""]",4.6992,percentile,trade,2086,25,high,1.0,10.0
686122,crypto,5051,2314812.934758,131.47936962656698,25.0,0.25361314591170064,0.0008214714439544101,0.5474163531973867,0.0,2.830827881809876,0.8561518981795955,0.3722926705043208,50.0,False,0.2963748864300234,1.0,5.9,medium,"[""evening_activity"", ""volume_spikes""]",3.939998,percentile,trade,5051,25,high,1.0,10.0
687200,crypto,1082,158818.090877,100.35115665913759,66.99996,0.2735674676524954,0.007233639446590109,0.7338262476894639,0.0,4.506887852831151,1.284923466751735,0.15947416261045047,10.0,False,0.323502229262532,1.0,6.05,medium,"[""evening_activity"", ""volume_spikes""]",8.909964,percentile,trade,1082,25,high,1.0,10.0
687778,crypto,223,71657.09711799999,31.9947763880597,16.199784,0.2645739910313901,0.0007856096920490383,0.7130044843049327,0.0,5.411149178021744,1.9776491457076708,0.22190297625112346,2.0,False,0.3091410220185179,1.0,5.98,medium,"[""evening_activity"", ""volume_spikes""]",1.0,percentile,trade,223,25,high,1.0,10.0
799384,crypto,552,18306.383888,25.997241924799198,7.13248,0.27717391304347827,0.008264503351706398,0.5434782608695652,0.0,2.744072758609497,0.732588777302278,0.09082106057493161,5.0,False,0.3283282672284151,1.0,6.08,medium,"[""evening_activity"", ""volume_spikes""]",1.0,percentile,trade,552,25,high,1.0,10.0
800432,crypto,2179,421919.870904,75.00456944370862,24.0,0.25195043597980726,0.0029113490634326855,0.7195961450206517,0.0,10.612946729856395,2.4569754687526983,0.1870290674646959,21.0,False,0.2956889847478347,1.0,5.89,medium,"[""evening_activity"", ""volume_spikes""]",5.13572,percentile,trade,2179,25,high,1.0,10.0
800505,crypto,321,75178.647146,66.12758734602076,1.90152,0.27414330218068533,0.0012551645391642387,0.735202492211838,0.0,4.781712764455727,1.6681590546401037,0.23297741187049156,3.0,False,0.3205869512676314,1.0,6.06,medium,"[""evening_activity"", ""volume_spikes""]",1.299699,percentile,trade,321,25,high,1.0,10.0
800789,crypto,404,176558.42767900001,201.54073569505496,14.999957,0.30198019801980197,0.0006909881312593426,0.6237623762376238,0.0,6.021899260996918,2.0142737385518577,0.11687643724103239,4.0,False,0.35272482390185794,1.0,6.26,medium,"[""evening_activity"", ""volume_spikes""]",1.0,percentile,trade,404,25,high,1.0,10.0
574069,crypto,88,1970.791264,21.39443445,4.889106,0.3181818181818182,0.014207491433248001,0.32954545454545453,0.0,1.9870577571985015,0.9038579111304501,0.03237741518626906,1.0,False,0.37973661607207,0.6580385047990011,5.44,medium,"[""evening_activity"", ""volume_spikes""]",1.0,percentile,trade,88,25,high,1.0,10.0
574083,crypto,30,276.199996,3.4180356749999876,1.0,0.9333333333333333,0.10137581609523268,0.9333333333333333,0.0,1.662853698529244,0.6628536985292438,0.44931209195238364,1.0,False,1.0,0.4419024656861626,7.1,high,"[""small_trade_bias"", ""evening_activity""]",1.0,percentile,trade,30,25,low,0.4,10.0
574084,crypto,0,0.0,0.0,0.0,0.0,0.0,0.0,0.0,0.0,0.0,,,False,0.0,0.0,0.0,low,[],,,insufficient,0,25,insufficient,0.0,10.0
574582,crypto,60,6635.082193,109.94633707407408,4.1863095,0.4666666666666667,0.0042199887183824066,0.5,0.0,2.8800745299137955,1.3286381457791825,0.03491441270228738,1.0,False,0.5469764376754739,1.0,7.5,high,"[""small_trade_bias"", ""evening_activity"", ""volume_spikes""]",0.999999,percentile,trade,60,25,medium,0.8,10.0
574583,crypto,0,0.0,0.0,0.0,0.0,0.0,0.0,0.0,0.0,0.0,,,False,0.0,0.0,0.0,low,[],,,insufficient,0,25,insufficient,0.0,10.0
576411,crypto,89,88547.054566,1019.032772617284,1499.999998,0.3146067415730337,0.0004268910375988305,0.9887640449438202,0.0,1.7990356473206324,0.747252704209974,0.01694014561356132,1.0,False,0.36729733312443197,0.5326904315470883,5.19,medium,"[""evening_activity""]",1.349998,percentile,trade,89,25,high,1.0,10.0
576993,crypto,59,1533.3099419999999,26.017271745454543,49.9,0.4915254237288136,0.02361553982541124,1.0,0.0,1.3329824193111077,0.3329824193111078,0.0325765839193913,1.0,False,0.5876156515788625,0.2219882795407385,5.74,medium,"[""small_trade_bias"", ""evening_activity""]",1.249998,percentile,trade,59,25,medium,0.7866666666666666,10.0
579306,politics,0,0.0,0.0,0.0,0.0,0.0,0.0,0.0,0.0,0.0,,,False,0.0,0.0,0.0,low,[],,,insufficient,0,25,insufficient,0.0,10.0
581247,politics,0,0.0,0.0,0.0,0.0,0.0,0.0,0.0,0.0,0.0,,,False,0.0,0.0,0.0,low,[],,,insufficient,0,25,insufficient,0.0,10.0
585593,politics,252,16873.565048,46.82485837719299,10.97697,0.6746031746031746,0.10852188513754797,0.11507936507936507,0.0,3.4605453794141625,1.1797981101241213,0.060093287761982854,2.0,False,0.8521501681195659,1.0,7.49,high,"[""small_trade_bias"", ""volume_spikes""]",10.97697,percentile,trade,252,25,high,1.0,10.0
587998,crypto,39,85.64422499999999,1.5988332702702701,0.0374,0.7435897435897436,0.01266401791831265,0.23076923076923078,0.0,1.614455331872877,0.44635608920565084,0.3088356979119141,1.0,False,0.8751197782723551,0.40963688791525127,6.51,medium,"[""small_trade_bias""]",0.0374,percentile,trade,39,25,low,0.52,10.0
588775,politics,1787,291498.02294,54.55657164406463,24.999999,0.3654168998321209,0.007225253714442911,0.5646334639059877,0.0,5.5520363417861915,1.5462444855162554,0.29079658793242585,17.0,False,0.43065486869947345,1.0,6.74,medium,"[""evening_activity"", ""volume_spikes""]",9.999999,percentile,trade,1787,25,high,1.0,10.0
598795,crypto,247,1233.765,4.995,4.995,1.0,1.0,0.0,0.0,1.0,0.0,0.008097165991902834,2.0,False,1.0,0.0,4.5,medium,"[""small_trade_bias""]",4.995,percentile,trade,247,25,high,1.0,10.0
598930,crypto,64,24990.882320999997,384.7404113275862,1.474229,0.46875,0.0015797737547995556,0.515625,0.0,2.9950605853409193,1.192000105674385,0.03564097811990974,1.0,False,0.5478228642528797,1.0,7.52,high,"[""small_trade_bias"", ""evening_activity"", ""volume_spikes""]",1.319998,percentile,trade,64,25,medium,0.8533333333333334,10.0
602893,crypto,1,36.459998,0.0,36.459998,1.0,1.0,1.0,0.0,1.0,0.0,1.0,1.0,True,1.0,0.0,6.0,medium,"[""small_trade_bias"", ""evening_activity""]",100.0,fixed,trade,1,25,insufficient,0.013333333333333334,10.0
604067,crypto,111,34239.681494,15.350977267326732,17.549433,0.7117117117117117,0.030893420115060376,0.21621621621621623,0.0,2.2037264518795263,1.024301811592955,0.3177318784903531,1.0,False,0.8488663823993665,0.8024843012530175,7.43,high,"[""small_trade_bias"", ""volume_spikes""]",17.549433,percentile,trade,111,25,high,1.0,10.0
606843,crypto,69,16334.515544,89.74902469523809,87.939991,0.36231884057971014,0.10382503426145076,0.9130434782608695,0.0,2.217412102651306,0.6979133600575236,0.5542643720049344,1.0,True,0.4850003345665323,0.8116080684342041,6.25,medium,"[""evening_activity"", ""volume_spikes""]",77.619956,percentile,trade,69,25,medium,0.92,10.0
606844,crypto,198,20666.134809,52.44274973333333,34.65,0.29292929292929293,0.04353474644945156,0.8131313131313131,0.0,1.6071121561281227,0.5933798531626341,0.23656092651979374,1.0,False,0.3678716896205127,0.4047414374187485,4.71,medium,"[""evening_activity""]",22.3398,percentile,trade,198,25,high,1.0,10.0
611035,crypto,94,7495.36905,78.56730969767442,64.64515,0.723404255319149,0.5864781534673066,1.0,0.0,1.327380713920963,0.327380713920963,0.016009879326755766,1.0,False,1.0,0.218253809280642,6.55,medium,"[""small_trade_bias"", ""evening_activity""]",64.64515,percentile,trade,94,25,high,1.0,10.0
620022,crypto,0,0.0,0.0,0.0,0.0,0.0,0.0,0.0,0.0,0.0,,,False,0.0,0.0,0.0,low,[],,,insufficient,0,25,insufficient,0.0,10.0
620029,crypto,752,17516.638321,19.650248592920352,4.995,0.25,0.016552245395876155,0.39361702127659576,0.0,4.787553245378324,1.3454657512078183,0.04635592578437414,7.0,False,0.3015980139041924,1.0,5.88,medium,"[""evening_activity"", ""volume_spikes""]",3.7199985,percentile,trade,752,25,high,1.0,10.0
620947,crypto,0,0.0,0.0,0.0,0.0,0.0,0.0,0.0,0.0,0.0,,,False,0.0,0.0,0.0,low,[],,,insufficient,0,25,insufficient,0.0,10.0
620948,crypto,298,23140.999454,80.05184993333334,74.999998,0.31208053691275167,0.20383734390454994,0.912751677852349,0.0,1.6329626564668407,0.4607226375953819,0.013007216762540096,2.0,False,0.4863963660742735,0.42197510431122714,4.9,medium,"[""evening_activity""]",68.999998,percentile,trade,298,25,high,1.0,10.0
621018,politics,0,0.0,0.0,0.0,0.0,0.0,0.0,0.0,0.0,0.0,,,False,0.0,0.0,0.0,low,[],,,insufficient,0,25,insufficient,0.0,10.0
635529,politics,0,0.0,0.0,0.0,0.0,0.0,0.0,0.0,0.0,0.0,,,False,0.0,0.0,0.0,low,[],,,insufficient,0,25,insufficient,0.0,10.0
636111,crypto,0,0.0,0.0,0.0,0.0,0.0,0.0,0.0,0.0,0.0,,,False,0.0,0.0,0.0,low,[],,,insufficient,0,25,insufficient,0.0,10.0
638492,crypto,691,85709.799226,85.17070568218298,38.86722,0.28364688856729375,0.010913743369454105,0.3545586107091172,0.0,3.7479586073454314,1.1863658140564233,0.07163778252250784,6.0,False,0.3374696160168485,1.0,6.13,medium,"[""evening_activity"", ""volume_spikes""]",8.46,percentile,trade,691,25,high,1.0,10.0
639961,crypto,1,0.1621,0.0,0.1621,1.0,1.0,0.0,0.0,1.0,0.0,1.0,1.0,True,1.0,0.0,4.5,medium,"[""small_trade_bias""]",100.0,fixed,trade,1,25,insufficient,0.013333333333333334,10.0
657287,crypto,56,678.9999720000001,12.124999500000001,12.124999500000001,0.5,0.41237110978849933,0.0,0.0,1.0805687408638622,0.08056874086386233,0.02098674607898216,1.0,False,0.830755999206433,0.05371249390924149,3.88,low,"[""small_trade_bias""]",9.999999,percentile,trade,56,25,medium,0.7466666666666667,10.0
663849,politics,0,0.0,0.0,0.0,0.0,0.0,0.0,0.0,0.0,0.0,,,False,0.0,0.0,0.0,low,[],,,insufficient,0,25,insufficient,0.0,10.0
670234,crypto,0,0.0,0.0,0.0,0.0,0.0,0.0,0.0,0.0,0.0,,,False,0.0,0.0,0.0,low,[],,,insufficient,0,25,insufficient,0.0,10.0
800790,crypto,97,5531.927312,58.25934239325842,85.529598,0.38144329896907214,0.0843278235034047,0.6597938144329897,0.0,2.851118854225676,1.2189875546869462,0.015461084930466634,1.0,False,0.4956138762326269,1.0,6.86,medium,"[""evening_activity"", ""volume_spikes""]",14.99994,percentile,trade,97,25,high,1.0,10.0
