market_id,category,hour,trades,retail_trades,volume,retail_volume
516925,politics,2,2,1,202.389509,2.989509
516925,politics,13,29,29,29.0,29.0
516925,politics,18,28,0,699.999944,0.0
516925,politics,20,28,0,140.0,0.0
516925,politics,4,1,0,14.559426,0.0
516925,politics,5,290,29,2838.2294200000188,138.329942
516925,politics,6,21,0,156.65995800000002,0.0
516925,politics,7,1,0,14.999998,0.0
516925,politics,8,1,0,9.99999,0.0
516925,politics,10,170,112,6358.219419000014,503.99882399999944
516925,politics,11,57,28,572.7546719999997,102.74115599999998
516925,politics,14,1,0,25.999998,0.0
516925,politics,15,1,1,3.999998,3.999998
516925,politics,16,59,59,294.41000000000025,294.41000000000025
516925,politics,17,2,0,11.919996,0.0
517817,politics,4,29,29,6507.319280000004,6507.319280000004
517817,politics,10,4,4,251.17664000000002,251.17664000000002
517817,politics,17,1,1,7.0,7.0
527869,crypto,16,2,0,4035.959618,0.0
527869,crypto,18,29,0,1158.259942000001,0.0
527869,crypto,20,1,0,12.999998,0.0
527869,crypto,13,1,1,1.05,1.05
527869,crypto,14,272,272,1358.6399999999935,1358.6399999999935
540819,politics,5,25,0,11805.479999999992,0.0
540819,politics,17,28,28,549.2088,549.2088
553374,politics,4,1,1,0.30602,0.30602
553374,politics,20,49,0,1119.822657999999,0.0
553374,politics,23,2,0,52.299192,0.0
553374,politics,9,29,29,41.169994999999986,41.169994999999986
558839,crypto,11,28,28,36.391572,36.391572
558839,crypto,13,30,0,5024.624346,0.0
559662,politics,1,28,28,195.54303999999988,195.54303999999988
559662,politics,4,1,1,6.125,6.125
559662,politics,14,1,0,279.05286,0.0
559662,politics,16,28,0,2335.536,0.0
559662,politics,17,1,0,72.489,0.0
559662,politics,3,1,0,219.829914,0.0
559662,politics,7,1,1,0.539,0.539
559667,politics,13,57,57,2735.5987200000013,2735.5987200000013
559667,politics,19,2,2,1.44,1.44
559673,politics,1,1,0,96.55821,0.0
559673,politics,19,28,28,1877.1199720000006,1877.1199720000006
559673,politics,20,28,28,2376.3583479999993,2376.3583479999993
559673,politics,2,25,0,12265.448999999993,0.0
561015,crypto,5,24,24,699.84,699.84
561238,politics,5,25,0,9057.496999999996,0.0
561238,politics,11,1,0,290.8544,0.0
561238,politics,21,28,28,7880.884479999996,7880.884479999996
561238,politics,6,29,29,8042.3820799999985,8042.3820799999985
561238,politics,16,1,0,288.91335,0.0
561829,politics,4,63,59,696.3413400000002,294.9999410000001
561829,politics,9,1,1,4.999999,4.999999
561829,politics,15,30,0,600.0,0.0
561829,politics,16,57,29,1512.999943,84.999999
561829,politics,2,1,0,162.0,0.0
561829,politics,19,28,0,1550.919972,0.0
561949,crypto,8,1,0,4200.00579,0.0
561956,crypto,5,25,0,2903.9994720000004,0.0
561956,crypto,13,28,28,27.999971999999993,27.999971999999993
561956,crypto,18,1,0,1.0,0.0
561982,politics,2,26,25,273.95634000000007,149.84550000000002
561982,politics,4,28,28,111.99719999999994,111.99719999999994
561982,politics,5,68,68,4759.881,4759.881
561982,politics,10,28,0,8727.00192,0.0
561982,politics,14,1,1,22.529984,22.529984
561982,politics,11,28,0,8703.58272,0.0
561982,politics,15,1,1,41.95674,41.95674
559665,politics,1,3,3,165.70389600000001,165.70389600000001
559665,politics,4,5,5,388.30496,388.30496
559665,politics,5,25,0,5469.7489749999995,0.0
559665,politics,19,28,28,2530.1639999999998,2530.1639999999998
559665,politics,22,1,1,69.51,69.51
559665,politics,14,1,1,0.532,0.532
559674,politics,1,28,28,1790.0234799999994,1790.0234799999994
559674,politics,4,2,2,49.170880000000004,49.170880000000004
559674,politics,7,1,1,1.256,1.256
561986,politics,8,2,2,86.39983,86.39983
561986,politics,10,28,28,9398.30976,9398.30976
561987,politics,10,56,28,12840.154039999985,3581.70008
561987,politics,2,1,1,4.99982,4.99982
561987,politics,11,1,0,459.61968,0.0
561988,politics,15,30,30,1529.8469999999995,1529.8469999999995
561988,politics,3,1,0,213.299955,0.0
561988,politics,5,2,2,49.995594000000004,49.995594000000004
561991,politics,1,1,0,5.739853,0.0
561991,politics,2,2,2,0.24024,0.24024
561991,politics,4,118,118,14.17416,14.17416
561991,politics,5,7,3,1374.9504,0.36036
561991,politics,6,20,20,2.4024,2.4024
561991,politics,9,1,1,0.12012,0.12012
561991,politics,10,28,28,3.36336,3.36336
561991,politics,11,29,28,973.57446,3.36336
562000,politics,18,1,1,17.0,17.0
562003,politics,5,4,4,191.77832,191.77832
562003,politics,9,28,28,1736.0,1736.0
562003,politics,14,2,1,145.66532999999998,58.93477
562003,politics,15,1,1,45.40384,45.40384
566166,sports,2,27,0,4863.629817000001,0.0
566166,sports,4,28,28,195.60799999999992,195.60799999999992
566166,sports,5,24,24,1006.9420799999999,1006.9420799999999
566166,sports,10,28,0,1315.8028800000004,0.0
566166,sports,13,29,0,1738.256519999999,0.0
566195,sports,4,1,0,88.911,0.0
566195,sports,5,1,0,286.289424,0.0
566195,sports,16,140,56,17552.48275199997,590.0973120000002
566195,sports,22,2,2,19.98,19.98
566195,sports,7,1,1,9.99,9.99
566195,sports,9,1,0,76.846,0.0
566195,sports,14,28,0,3320.276399999999,0.0
566195,sports,15,1,0,29.649321,0.0
566195,sports,20,1,0,47.904,0.0
566203,sports,2,1,0,127.43462,0.0
566203,sports,4,69,9,6088.4850000000015,1.6019999999999996
566203,sports,7,58,29,2769.450859999995,289.98972000000003
566203,sports,8,2,2,1.636,1.636
566203,sports,9,1,0,494.999505,0.0
566203,sports,22,2,2,19.98,19.98
566203,sports,5,29,29,145.0,145.0
566203,sports,10,1,1,4.999995,4.999995
566203,sports,15,1,0,29.649321,0.0
566203,sports,16,84,28,1932.7533120000012,142.37747999999993
566205,sports,4,2,0,97.88546,0.0
566205,sports,5,1,0,130.24898,0.0
566205,sports,9,1,0,354.64287,0.0
566205,sports,10,2,0,183.59208,0.0
566205,sports,16,140,56,16058.599648000025,589.3948479999999
566205,sports,22,2,2,19.96,19.96
566205,sports,7,1,1,9.98,9.98
566205,sports,8,1,1,4.99497,4.99497
566205,sports,15,1,0,29.619642,0.0
566239,sports,16,1,0,159.68,0.0
566241,sports,4,1,1,20.51888,20.51888
566241,sports,9,1,1,3.999996,3.999996
566241,sports,2,3,0,901.1978999999999,0.0
582752,crypto,18,1,0,131.269998,0.0
516714,politics,14,30,0,261980.7211580001,0.0
516714,politics,15,30,30,9.999900000000002,9.999900000000002
516714,politics,8,1,1,0.2463,0.2463
516714,politics,20,19,0,1801.7692400000003,0.0
559652,politics,4,42,0,547.6151999999998,0.0
559652,politics,11,29,28,35.07439999999998,28.274399999999982
559652,politics,15,28,0,419.999972,0.0
559652,politics,16,2,1,29.669998,0.999999
559652,politics,18,31,29,110.49997099999992,84.09997099999998
559652,politics,21,2,2,2.64,2.64
559652,politics,23,1,0,13.2,0.0
559652,politics,2,1,1,0.999999,0.999999
559652,politics,10,29,0,1910.0,0.0
559652,politics,19,1,0,6.8,0.0
566153,sports,2,28,28,195.41200000000012,195.41200000000012
566153,sports,5,69,1,18370.41620000001,1.09
566153,sports,3,1,0,302.449248,0.0
566153,sports,10,28,28,1653.1451999999995,1653.1451999999995
566153,sports,15,1,0,87.824,0.0
566153,sports,16,1,1,54.87507,54.87507
566163,sports,5,1,0,368.299332,0.0
566163,sports,6,20,20,1838.1599999999992,1838.1599999999992
566163,sports,10,28,0,9230.741520000005,0.0
566163,sports,2,25,25,7246.746000000002,7246.746000000002
566163,sports,13,1,1,288.42129,288.42129
566163,sports,16,1,1,0.389,0.389
566167,sports,10,28,0,9286.629519999993,0.0
566167,sports,16,1,0,74.85,0.0
566167,sports,2,25,0,7932.984074999996,0.0
566167,sports,5,1,1,59.99994,59.99994
566167,sports,7,29,28,2058.6276399999992,1985.7006399999993
566170,sports,5,1,0,364.099536,0.0
566170,sports,2,28,3,9532.119974999996,1.6350000000000002
566170,sports,7,1,1,1.01,1.01
566170,sports,16,29,29,29.57999999999999,29.57999999999999
566174,sports,13,29,29,1.566000000000001,1.566000000000001
566174,sports,3,58,0,6309.356000000005,0.0
566174,sports,11,29,29,1768.969259999999,1768.969259999999
566193,sports,4,29,29,1838.0352000000007,1838.0352000000007
566193,sports,9,1,1,24.0,24.0
566193,sports,18,28,28,1231.9103999999995,1231.9103999999995
566193,sports,22,2,2,19.18,19.18
566193,sports,7,30,2,28018.560421999995,18.56045
566193,sports,15,1,1,28.309991,28.309991
566193,sports,16,28,0,5599.999971999999,0.0
566194,sports,4,1,1,3.999984,3.999984
566194,sports,5,5,0,259.992972,0.0
566194,sports,9,1,0,341.65196,0.0
566194,sports,15,3,1,576.219252,29.619642
566194,sports,16,140,84,18028.127488000013,1930.706848
566194,sports,18,29,0,2083.8239999999996,0.0
566194,sports,19,2,0,121.87328,0.0
566194,sports,22,2,2,19.96,19.96
566194,sports,7,1,1,9.98,9.98
566194,sports,11,29,0,8753.121620000005,0.0
566197,sports,1,1,0,130.06934,0.0
566197,sports,2,29,29,173.65200000000002,173.65200000000002
566197,sports,4,2,0,414.44367,0.0
566197,sports,5,70,0,21405.47909400002,0.0
566197,sports,8,28,0,10115.822052000001,0.0
566197,sports,22,2,2,19.98,19.98
566197,sports,7,1,1,9.99,9.99
566197,sports,9,1,0,137.9735,0.0
566197,sports,15,1,0,29.649321,0.0
566197,sports,16,112,56,14366.866751999973,590.0973120000002
566198,sports,4,20,0,1179.819,0.0
566198,sports,5,1,0,92.79711,0.0
566198,sports,22,2,2,19.98,19.98
566198,sports,6,28,0,1651.746599999999,0.0
566198,sports,7,1,1,9.99,9.99
566198,sports,15,29,0,8181.193561000002,0.0
566198,sports,16,112,56,14366.866751999973,590.0973120000002
566150,sports,11,1,0,325.009984,0.0
566154,sports,1,3,1,683.999016,39.99936
566154,sports,2,30,1,2900.5941500000017,43.94915
566154,sports,4,28,28,1426.4319999999996,1426.4319999999996
566154,sports,5,28,28,1818.1436000000008,1818.1436000000008
566154,sports,7,29,0,2269.4158800000014,0.0
566154,sports,15,28,0,2790.7362000000007,0.0
566155,sports,5,1,0,52.894,0.0
566155,sports,10,56,0,4391.544640000003,0.0
566155,sports,2,1,0,151.189659,0.0
566155,sports,16,29,28,295.60858,7.4760000000000035
566156,sports,9,1,1,4.299696,4.299696
566156,sports,2,1,0,372.929697,0.0
566156,sports,5,1,1,47.952,47.952
566156,sports,8,2,2,74.24568,74.24568
566156,sports,13,29,29,2317.67536,2317.67536
566156,sports,16,1,1,50.9479,50.9479
566158,sports,21,28,0,8858.630787999999,0.0
566158,sports,23,28,28,1734.0758400000002,1734.0758400000002
566158,sports,11,28,28,4402.957440000003,4402.957440000003
566158,sports,16,28,0,7501.871999999999,0.0
566160,sports,1,56,28,2764.0623360000036,126.83781599999999
566160,sports,4,29,0,144.9994199999999,0.0
566160,sports,19,28,0,1230.5372800000002,0.0
566160,sports,22,29,29,7.018,7.018
566160,sports,3,1,0,91.77385,0.0
566160,sports,9,1,1,1.996,1.996
566160,sports,11,28,0,9060.1378,0.0
566196,sports,1,28,0,2797.1944000000003,0.0
566196,sports,4,59,0,4243.751999999995,0.0
566196,sports,16,113,84,14431.796631999974,1932.7533120000012
566196,sports,22,1,1,9.99,9.99
566196,sports,2,1,0,118.03185,0.0
566196,sports,7,1,1,9.99,9.99
566196,sports,15,1,1,29.649321,29.649321
566199,sports,1,3,0,193.92539299999999,0.0
566199,sports,2,1,0,354.999645,0.0
566199,sports,10,1,0,544.999455,0.0
566199,sports,16,113,28,14405.857721999979,142.37747999999993
566199,sports,22,3,0,66.92592,0.0
566199,sports,23,1,0,43.99596,0.0
566199,sports,7,29,0,1995.6906399999993,0.0
566199,sports,8,29,28,289.72427999999996,14.279999999999996
566199,sports,9,1,1,4.99,4.99
566199,sports,11,1,0,60.99894,0.0
566199,sports,15,1,0,29.649321,0.0
566200,sports,4,60,59,2784.978029999996,2182.5852299999997
566200,sports,7,2,1,129.26098,9.99
566200,sports,19,2,0,85.99392,0.0
566200,sports,22,2,2,19.98,19.98
566200,sports,11,1,1,29.99997,29.99997
566200,sports,13,1,1,31.99797,31.99797
566200,sports,15,1,1,29.649321,29.649321
566200,sports,16,141,56,20473.663841999954,590.0973120000002
566201,sports,5,4,0,332.93102,0.0
566201,sports,17,1,0,70.91788,0.0
566201,sports,21,1,0,68.99094,0.0
566201,sports,22,2,2,19.98,19.98
566201,sports,2,3,0,892.2069000000001,0.0
566201,sports,7,1,1,9.99,9.99
566201,sports,11,1,0,316.2662,0.0
566201,sports,15,1,0,29.649321,0.0
566201,sports,16,112,56,14366.866751999973,590.0973120000002
566202,sports,4,1,0,91.24714,0.0
566202,sports,5,1,0,454.5391,0.0
566202,sports,22,2,2,19.98,19.98
566202,sports,23,2,0,119.87976,0.0
566202,sports,2,25,0,401.9445000000001,0.0
566202,sports,7,29,1,653.9893559999998,9.99
566202,sports,15,1,0,29.649321,0.0
566202,sports,16,112,56,2660.5847520000057,590.0973120000002
566204,sports,7,2,1,100.07946,9.99
566204,sports,9,1,0,49.9499,0.0
566204,sports,10,1,1,4.99,4.99
566204,sports,17,1,0,761.84326,0.0
566204,sports,22,2,2,19.98,19.98
566204,sports,4,28,0,2586.2911200000003,0.0
566204,sports,13,28,0,2015.94204,0.0
566204,sports,15,1,0,29.649321,0.0
566204,sports,16,114,56,14714.922351999983,590.0973120000006
540208,sports,1,30,0,88.62482399999996,0.0
540208,sports,2,5,1,233.45045999999996,1.0593
540208,sports,4,41,41,64.31424000000003,64.31424000000003
540208,sports,5,1,0,1.845,0.0
540208,sports,9,2,0,216.06552,0.0
540208,sports,16,56,28,269.0688,20.697600000000005
540208,sports,18,3,0,32.64,0.0
540208,sports,3,59,0,214.01219799999976,0.0
540208,sports,13,1,0,3.72792,0.0
540217,sports,1,30,28,88.98097199999997,64.39983199999996
540217,sports,2,5,1,235.63057199999997,1.0659
540217,sports,16,58,28,344.1390200000002,16.55808
540217,sports,18,3,0,32.912,0.0
540217,sports,19,28,0,896.0,0.0
540217,sports,3,1,0,8.73,0.0
540217,sports,6,168,84,7455.83790000003,223.43991599999995
540223,sports,1,30,28,89.41293199999996,64.67927199999995
540223,sports,2,5,1,235.655012,1.0703
540223,sports,4,131,29,3196.945458000002,39.75552
540223,sports,8,3,0,221.72305,0.0
540223,sports,16,56,28,265.4467200000001,13.45344
540223,sports,18,3,0,33.082,0.0
540223,sports,19,28,0,7501.479720000002,0.0
540223,sports,22,1,0,3.884,0.0
540223,sports,3,1,0,8.749978,0.0
540223,sports,7,1,0,5.6,0.0
553861,sports,2,1,1,5.99798,5.99798
553861,sports,4,62,41,1985.5422799999997,41.0
553861,sports,9,112,28,2041.9560000000035,279.7200000000001
553861,sports,13,1,0,60.93788,0.0
553861,sports,6,1,0,99.9,0.0
553861,sports,14,84,28,2160.8370000000036,363.63600000000014
553861,sports,16,1,0,50.9479,0.0
553861,sports,19,2,2,3.999996,3.999996
563368,crypto,2,7,3,18349.277765999996,26.235998
563368,crypto,4,431,181,865419.9439439976,10649.36468199998
563368,crypto,5,212,34,18458.34609700004,2312.287076000001
563368,crypto,8,31,0,2717.3631020000003,0.0
563368,crypto,9,68,3,5734.309644000002,188.139669
563368,crypto,10,61,1,22559.127999999982,6.986
563368,crypto,11,87,59,4738.375172999998,1938.386373000002
563368,crypto,13,11,2,78925.08112799999,21.959968
563368,crypto,14,33,32,12146.138531,616.7589999999998
563368,crypto,15,91,31,257408.8923719999,2135.2975320000014
563368,crypto,20,28,0,378952.16240000003,0.0
563368,crypto,23,3,0,243.775,0.0
563368,crypto,6,56,28,3609.6104799999985,0.63
563368,crypto,7,1,0,13522.90998,0.0
563368,crypto,16,3,1,14758.236509,11.999952
563368,crypto,17,1,0,13526.00378,0.0
563368,crypto,19,310,0,657479.8794400012,0.0
566152,sports,4,30,29,3105.6213799999987,2807.469119999999
566152,sports,9,2,1,396.58829,49.9464
566152,sports,16,1,1,40.95803,40.95803
566152,sports,23,28,0,8558.593119999996,0.0
566157,sports,4,1,1,47.94744,47.94744
566157,sports,14,29,29,1826.7233399999998,1826.7233399999998
566157,sports,2,1,1,3.98995,3.98995
566157,sports,19,28,0,2015.7446400000013,0.0
566165,sports,11,29,29,1647.5433600000006,1647.5433600000006
566187,sports,1,1,0,9.6,0.0
566187,sports,7,30,1,312.20000000000005,4.8
566187,sports,15,31,0,1716.4299990000009,0.0
566187,sports,17,1,0,27.149999,0.0
566187,sports,18,28,0,263.2000000000001,0.0
566187,sports,22,2,2,9.6,9.6
566187,sports,4,29,29,150.79999999999998,150.79999999999998
566187,sports,13,1,1,4.7846,4.7846
566187,sports,16,112,56,6916.548800000003,283.6399999999999
566188,sports,4,1,0,12.6,0.0
566188,sports,6,2,0,14.8,0.0
566188,sports,21,28,28,176.40000000000003,176.40000000000003
566188,sports,22,2,2,12.4,12.4
566188,sports,5,1,0,7.6,0.0
566188,sports,7,1,1,6.2,6.2
566188,sports,10,1,0,55.5,0.0
566188,sports,13,1,0,15.2,0.0
566188,sports,15,1,0,18.399999,0.0
566188,sports,16,112,28,8914.70720000001,86.79999999999998
566189,sports,2,1,0,79.12,0.0
566189,sports,22,2,2,19.76,19.76
566189,sports,7,1,1,9.89,9.89
566189,sports,13,1,1,6.5142,6.5142
566189,sports,15,2,0,71.300478,0.0
566189,sports,16,112,56,14223.056063999986,584.1922239999997
566189,sports,18,1,0,26.99216,0.0
566190,sports,5,4,0,171.98928,0.0
566190,sports,9,1,0,364.6277,0.0
566190,sports,13,1,0,22.4823,0.0
566190,sports,22,3,2,63.9189,19.92
566190,sports,4,1,0,83.8134,0.0
566190,sports,7,1,1,9.96,9.96
566190,sports,11,29,0,9741.15945,0.0
566190,sports,15,3,0,434.48883800000004,0.0
566190,sports,16,112,56,14323.66762400001,588.2698639999999
566192,sports,1,2,0,184.8296,0.0
566192,sports,4,1,0,252.369378,0.0
566192,sports,5,5,0,560.71662,0.0
566192,sports,13,170,141,8586.843075000023,16.497000000000064
566192,sports,16,114,0,14695.987191999971,0.0
566192,sports,22,2,0,19.98,0.0
566192,sports,7,1,0,9.99,0.0
566192,sports,8,1,0,51.9459,0.0
566192,sports,11,28,0,1436.08248,0.0
566192,sports,15,1,0,29.649321,0.0
567469,crypto,4,9,9,44.99711999999999,44.99711999999999
567469,crypto,14,58,0,4305.418880000005,0.0
567469,crypto,18,2,2,106.999996,106.999996
567469,crypto,19,2,2,29.85,29.85
567469,crypto,21,28,28,1581.999944,1581.999944
567469,crypto,5,1,1,4.999999,4.999999
567469,crypto,8,1,1,41.209915,41.209915
567469,crypto,11,2,2,12.330480000000001,12.330480000000001
567469,crypto,16,2,2,2.4795179999999997,2.4795179999999997
567469,crypto,17,1,1,1.099899,1.099899
567687,politics,2,2,0,19.2984,0.0
567687,politics,4,118,59,6038.649940999984,141.60000000000016
567687,politics,16,60,29,32485.200398,30.299999
567687,politics,18,1,0,772.84,0.0
567687,politics,19,2,0,329.4,0.0
569424,politics,6,10,10,91.06,91.06
569437,politics,9,1,1,99.8998,99.8998
569440,politics,7,1,0,899.1,0.0
572403,crypto,5,1,1,12.4623,12.4623
572403,crypto,15,1,1,0.868,0.868
572470,politics,1,1,1,0.0118,0.0118
572470,politics,4,64,2,1122.6399789999982,8.84
572470,politics,5,26,0,319.60000000000014,0.0
572470,politics,11,59,1,1387.4089420000007,1.469999
572470,politics,13,92,60,1184.7052700000004,299.1804
572470,politics,19,2,2,8.7822,8.7822
572470,politics,21,29,28,156.79997200000005,139.99997200000004
572470,politics,2,9,0,241.23,0.0
572470,politics,7,5,5,13.949598000000002,13.949598000000002
572470,politics,9,28,28,257.59999999999985,257.59999999999985
572470,politics,10,1,1,1.999999,1.999999
572470,politics,15,1,0,26.419999,0.0
572470,politics,17,1,0,225.0,0.0
572470,politics,20,19,0,2802.3099999999995,0.0
572472,politics,5,24,24,48.0,48.0
572489,politics,5,29,29,290.0,290.0
573653,crypto,8,1,1,24.975,24.975
574068,crypto,2,28,28,28.0,28.0
574068,crypto,5,25,0,2999.9969999999994,0.0
574068,crypto,17,32,28,45.01094400000003,34.992972000000016
574068,crypto,18,29,0,287.073639,0.0
574068,crypto,16,90,0,449.5500000000003,0.0
516716,politics,5,4,0,7960.0,0.0
516716,politics,7,39,10,6159.439979999999,84.49998000000001
516716,politics,9,283,107,2897.3321039999973,838.2555040000002
516716,politics,10,21,21,102.99910500000004,102.99910500000004
516716,politics,12,16,16,143.75759999999997,143.75759999999997
516716,politics,13,178,89,1731.1705800000009,799.6697400000008
516716,politics,14,214,28,2067.7987620000004,257.5999439999999
516716,politics,11,2,1,15.736799999999999,5.71704
516719,politics,1,58,0,15278.979943999995,0.0
516719,politics,2,117,1,121473.5625700001,0.81632
516719,politics,4,120,86,14931.200965999991,168.999996
516719,politics,5,73,0,2398.9222399999985,0.0
516719,politics,6,47,36,352.78096600000043,8.314984000000011
516719,politics,7,10,0,1032.346618,0.0
516719,politics,8,32,0,497.04054199999996,0.0
516719,politics,9,3,0,6514.824439999999,0.0
516719,politics,10,12,1,8603.167112,0.02727
516719,politics,11,3,1,262.16979,2.769998
516719,politics,13,77,6,3371.804703999998,7.859769999999999
516719,politics,14,34,32,109.771201,83.058021
516719,politics,15,2,0,42.9999,0.0
516719,politics,17,29,29,1.8322160000000007,1.8322160000000007
516719,politics,18,31,30,107.11966799999999,87.11974799999999
516719,politics,21,27,27,9.60272,9.60272
516719,politics,22,47,17,661.0699399999997,25.0
516719,politics,23,1,0,53.849998,0.0
516719,politics,16,11,0,955.46353,0.0
516719,politics,19,8,0,41.953759999999996,0.0
516861,crypto,2,3,0,238.65111000000002,0.0
516861,crypto,9,19,13,2263.2306079999994,107.06293400000001
516861,crypto,10,18,3,6137.26737,25.659994
516861,crypto,11,20,8,17278.736768,378.87998400000004
516861,crypto,12,1,1,6.999993,6.999993
516861,crypto,13,34,1,3109.806082000001,1.0
516861,crypto,14,31,1,7796.834240000003,0.11976
516861,crypto,17,2,1,62.46747,11.00898
516861,crypto,19,2,2,22.59738,22.59738
516861,crypto,4,9,9,44.955,44.955
516862,crypto,2,30,0,41474.96352,0.0
516862,crypto,5,5,1,6998.06493,5.06493
516862,crypto,7,8,0,12815.172000000002,0.0
516862,crypto,13,114,57,2871.635490000003,1395.1035000000004
516862,crypto,11,1,1,5.7942,5.7942
516862,crypto,17,2,2,14.96502,14.96502
516863,crypto,2,29,29,144.85500000000005,144.85500000000005
516863,crypto,5,1,0,8.12187,0.0
516864,crypto,1,34,29,1784.4147989999997,533.4160499999997
516864,crypto,2,439,117,99556.87497100055,669.2796690000004
516864,crypto,3,29,0,11984.457545999992,0.0
516864,crypto,4,261,97,57424.731148000035,1604.7436439999992
516864,crypto,5,190,5,92072.92581599989,23.669307
516864,crypto,7,2,0,397.70152,0.0
516864,crypto,13,1,0,148.78107,0.0
516865,crypto,2,59,1,3685.2849380000002,4.719998
516865,crypto,4,57,57,1229.8462039999984,1229.8462039999984
516865,crypto,5,58,1,5002.565598000006,0.39
516865,crypto,9,2,2,28.479998,28.479998
516865,crypto,10,31,11,11350.475648999998,120.50524800000001
516865,crypto,13,9,1,1023.9499820000003,14.429998
516865,crypto,15,2,0,169.28055,0.0
516865,crypto,17,2,1,144.189996,26.269998
516865,crypto,18,10,2,367.599676,7.639996
516865,crypto,19,28,0,3450.719944,0.0
516865,crypto,21,11,3,386.43998,35.159996
516865,crypto,22,17,17,340.8199660000001,340.8199660000001
516865,crypto,23,1,1,24.799998,24.799998
516865,crypto,3,8,0,4239.663679999999,0.0
516865,crypto,6,8,0,4011.9599999999996,0.0
516865,crypto,7,3,2,74.52599599999999,20.579996
516865,crypto,11,19,3,6655.781962999999,20.970019
516865,crypto,12,2,2,34.679996,34.679996
516871,crypto,1,1,0,65.92524,0.0
516871,crypto,2,35,32,1464.8801959999996,1205.8220759999997
516871,crypto,4,1,1,0.01152,0.01152
516871,crypto,9,31,1,2534.510702999999,11.169998
516871,crypto,10,9,9,4.6184,4.6184
516871,crypto,20,3,2,94.999994,40.359996
516871,crypto,23,11,0,547.32607,0.0
516871,crypto,5,1,0,3978.17526,0.0
516871,crypto,7,2,2,3.64902,3.64902
516871,crypto,8,3,2,583.325387,20.359367
516872,crypto,2,1,0,87.529383,0.0
516872,crypto,10,1,0,24.559416,0.0
516872,crypto,11,2,1,131.429439,1.149849
516872,crypto,13,62,3,7618.333020000009,3.017958
516872,crypto,18,9,9,27.837134999999996,27.837134999999996
516872,crypto,19,19,2,1033.5780580000007,2.5294679999999996
516872,crypto,22,2,0,18.698283,0.0
516872,crypto,7,1,0,4.799196,0.0
516872,crypto,8,1,0,73.99593,0.0
516872,crypto,9,10,0,487.934577,0.0
516872,crypto,14,9,0,48.955994999999994,0.0
516872,crypto,16,107,30,417.65193000000033,33.036930000000005
516872,crypto,17,28,28,73.34258399999997,73.34258399999997
516872,crypto,20,20,1,1977.4675530000004,1.469529
516873,crypto,1,1,1,3.999996,3.999996
516873,crypto,2,172,28,13109.163707,34.15381199999999
516873,crypto,3,29,0,3602.622770999998,0.0
516873,crypto,5,28,28,139.71999999999997,139.71999999999997
516873,crypto,7,9,1,1984.9980149999997,0.999999
516873,crypto,9,1,1,1.209789,1.209789
516873,crypto,10,4,2,56.158785,4.739256
516873,crypto,13,89,28,6248.323421999998,27.999971999999993
516873,crypto,15,38,0,3451.7096400000005,0.0
516873,crypto,19,31,30,123.51635999999998,117.37650599999998
516873,crypto,20,21,19,150.003846,33.994971
516873,crypto,21,29,0,732.9483179999996,0.0
516873,crypto,22,1,0,25.129845,0.0
516873,crypto,11,10,1,63.81112500000001,1.899099
516873,crypto,12,1,0,8.869122,0.0
516873,crypto,14,341,333,1875.5305919999869,1631.3749919999868
516873,crypto,16,97,97,449.6588910000003,449.6588910000003
516873,crypto,17,11,11,12.358628999999997,12.358628999999997
516874,crypto,1,86,28,266738.4106400003,56.0
516874,crypto,2,28,0,40851.42768,0.0
516874,crypto,3,56,28,128111.58466400005,384.1599439999998
516874,crypto,4,16,1,59870.57008799998,1.99
516874,crypto,6,30,24,880.38279,43.97999800000001
516874,crypto,7,29,0,15259.669499999996,0.0
516874,crypto,9,1,0,89.99991,0.0
516874,crypto,11,11,3,354.60998,20.369996000000004
516874,crypto,13,2,2,9.99,9.99
516874,crypto,8,8,0,11171.217600000002,0.0
516874,crypto,19,1,0,99.9,0.0
516875,crypto,1,28,28,167.66400000000002,167.66400000000002
516875,crypto,9,1,0,89.99991,0.0
516876,crypto,1,61,2,4229.725825999998,3.558438
516876,crypto,2,181,1,153102.38408399996,3.999996
516876,crypto,3,29,0,146.73593999999994,0.0
516876,crypto,4,10,0,1016.6153670000001,0.0
516876,crypto,5,270,98,30682.449810000027,175.09969800000016
516876,crypto,6,20,20,31.99995999999999,31.99995999999999
516876,crypto,7,31,1,1163.8999380000005,3.239998
516876,crypto,8,33,1,1958.994936,4.995
516876,crypto,9,57,56,299.6281,251.77600000000004
516876,crypto,16,1,0,14.985,0.0
516876,crypto,21,1,0,10.74924,0.0
516877,crypto,2,1,0,138.999861,0.0
516877,crypto,4,29,1,3192.330138000001,0.33333
516877,crypto,5,4,4,6.019976,6.019976
516877,crypto,6,2,0,289.99971,0.0
516877,crypto,9,28,28,112.0,112.0
516877,crypto,10,56,28,871.639944,140.0
516877,crypto,12,1,0,36.96,0.0
516877,crypto,7,57,0,9618.292079999992,0.0
516878,crypto,1,28,0,112.0,0.0
516878,crypto,2,62,28,371.937352,28.0
516878,crypto,4,31,0,8133.700000000001,0.0
516878,crypto,5,100,0,4889.42472,0.0
516878,crypto,9,28,0,84.0,0.0
516878,crypto,10,9,0,179.64000000000004,0.0
516878,crypto,11,1,0,10.0,0.0
516878,crypto,15,30,30,9.999900000000002,9.999900000000002
516878,crypto,16,32,31,1118.8909890000018,58.81212900000003
516878,crypto,19,3,0,427.46336,0.0
516878,crypto,22,30,0,13610.529939999995,0.0
516878,crypto,7,8,1,172.887939,0.999999
516878,crypto,14,2,1,109.289601,0.999999
516878,crypto,17,11,11,16.464519000000003,16.464519000000003
516884,crypto,1,28,0,111.77600000000004,0.0
516884,crypto,2,111,0,6356.955949999985,0.0
516884,crypto,4,29,28,128.91994200000005,108.91994400000004
516884,crypto,5,1,1,0.758,0.758
516884,crypto,7,18,16,90.30996399999998,41.63996800000002
516884,crypto,11,2,1,119.099996,1.279998
516884,crypto,14,269,0,1343.9596949999939,0.0
516884,crypto,16,129,88,334.00981300000007,130.24911300000005
516884,crypto,21,9,0,54.899982,0.0
516884,crypto,6,2,0,156.439996,0.0
516884,crypto,9,1,0,99.979998,0.0
516884,crypto,10,3,2,514.349998,4.859998
516884,crypto,13,3,3,3.0,3.0
516884,crypto,17,30,30,31.779939999999986,31.779939999999986
516884,crypto,19,33,2,154541.51678400006,2.799996
516937,crypto,12,1,0,12.999998,0.0
516937,crypto,13,142,142,485.6397160000013,485.6397160000013
516937,crypto,17,9,8,32.289885,23.199984
516937,crypto,19,1,0,29.969998,0.0
516937,crypto,20,28,0,164.359944,0.0
516937,crypto,22,31,0,823.5799379999997,0.0
516937,crypto,4,3,1,124.22449600000002,3.2245
516937,crypto,6,1,0,31999.999998,0.0
516937,crypto,9,9,0,2699.9999820000003,0.0
516937,crypto,16,28,28,31.91605200000001,31.91605200000001
516947,politics,1,31,0,3433.3201799999997,0.0
516947,politics,2,100,29,252804.094714,24.682770000000012
516947,politics,4,81,2,3804.9016459999953,2.100008
516947,politics,5,89,1,32203.37533399993,1.36
516947,politics,7,28,8,28198.188460000016,0.5566399999999999
516947,politics,8,10,0,230.45343599999998,0.0
516947,politics,9,117,0,291335.94666599896,0.0
516947,politics,10,68,10,788.3253619999999,9.999979999999999
516947,politics,11,16,0,404.1829960000001,0.0
516947,politics,12,36,0,218063.84509599983,0.0
516947,politics,13,218,147,14112.315565999981,147.52699800000002
516947,politics,14,61,33,21528.672616,2.439964
516947,politics,15,4,0,4982.103516,0.0
516947,politics,16,91,30,21094.382068000003,30.10984
516947,politics,17,39,29,879.3249040000001,43.069942
516947,politics,21,3,0,181.51454,0.0
516947,politics,22,2,0,546.1036,0.0
516947,politics,23,14,2,538.0599920000001,1.999996
516947,politics,18,1,1,1.239998,1.239998
516947,politics,19,140,101,409.4829340000008,35.89847400000002
516947,politics,20,21,21,26.10671200000001,26.10671200000001
520630,politics,1,5,4,27.053857,4.0538799999999995
520630,politics,2,290,88,11855.395895999969,149.85975000000013
520630,politics,3,113,57,1174.1126640000002,112.91266400000005
520630,politics,4,73,0,13709.066624999998,0.0
520630,politics,5,208,68,6915.680488000008,745.9561920000011
520630,politics,6,9,0,269.99892,0.0
520630,politics,13,42,2,6422.368619999998,17.999838
520630,politics,14,10,2,165.88917899999996,6.529979000000001
520630,politics,15,12,12,60.81424499999999,60.81424499999999
520630,politics,20,58,48,198111.19752400002,260.716824
520630,politics,21,1,0,16.619754,0.0
520630,politics,22,10,9,63.33998,28.979982
520630,politics,7,1,1,0.999991,0.999991
520630,politics,9,1,1,1.679998,1.679998
520630,politics,10,17,1,12969.225584000003,1.0
520630,politics,11,2,1,25.829404999999998,6.719534
520630,politics,12,1,1,0.999996,0.999996
520630,politics,16,43,43,210.5770000000001,210.5770000000001
520630,politics,18,8,8,8.0,8.0
520930,politics,1,28,0,9212.589679999997,0.0
520930,politics,4,29,29,114.83994199999998,114.83994199999998
520930,politics,9,1,1,3.639998,3.639998
520930,politics,12,1,0,199.6,0.0
520930,politics,13,2,0,148.54232,0.0
520930,politics,16,8,0,40.079984,0.0
520930,politics,17,1,0,9.97,0.0
520930,politics,2,1,0,6.679998,0.0
527828,crypto,1,2,2,4.13586,4.13586
527828,crypto,5,68,68,1032.5664,1032.5664
540209,sports,1,30,28,84.70614799999998,61.31974799999998
540209,sports,2,46,32,3317.494757,151.70597100000006
540209,sports,4,385,96,9881.652700000004,216.32149999999996
540209,sports,7,1,1,0.8,0.8
540209,sports,12,1,0,9.0,0.0
540209,sports,16,61,28,567.5616000000005,41.39520000000001
540209,sports,17,1,1,1.2304,1.2304
540209,sports,18,3,0,31.279999999999998,0.0
540209,sports,19,2,1,10.1,1.0
540209,sports,23,2,0,421.999998,0.0
540209,sports,3,1,0,8.28,0.0
540209,sports,5,1,0,1245.79,0.0
540210,sports,1,60,28,462.39780799999994,47.12259999999997
540210,sports,2,134,60,956.8800000000008,12.730749999999993
540210,sports,4,435,152,12240.847176000007,87.68147999999991
540210,sports,5,1,0,50.05,0.0
540210,sports,6,9,0,2603.2859999999996,0.0
540210,sports,7,9,0,1029.3427900000002,0.0
540210,sports,9,1,0,322.66542,0.0
540210,sports,13,29,1,1177.0102399999992,1.05
540210,sports,16,60,28,428.84653199999997,3.1046399999999994
540210,sports,18,4,0,92.78985,0.0
540210,sports,22,3,1,144.59068000000002,1.13632
540210,sports,23,1,0,2.69272,0.0
540210,sports,3,1,0,8.919991,0.0
540210,sports,11,59,0,29330.71605599995,0.0
540210,sports,15,8,0,654.55976,0.0
540210,sports,17,2,0,143.5564,0.0
540210,sports,19,28,0,55.99823600000002,0.0
540211,sports,1,114,56,887.5832080000014,114.25626800000005
540211,sports,2,23,7,738.5930329999999,5.5442599999999995
540211,sports,3,30,28,213.79189199999996,61.03994399999998
540211,sports,4,329,76,8339.087030000026,130.39478000000005
540211,sports,5,37,9,5676.759468,9.0
540211,sports,7,1,0,4.5666,0.0
540211,sports,10,1,0,80.22292,0.0
540211,sports,11,1,0,5.03382,0.0
540211,sports,12,8,0,351.94632,0.0
540211,sports,16,59,28,402.816,20.697600000000005
540211,sports,18,3,0,32.64,0.0
540211,sports,19,1,0,8.5052,0.0
540211,sports,23,28,0,1258.553239999999,0.0
540211,sports,8,1,0,5.0,0.0
540215,sports,1,58,28,606.5014639999999,60.19994399999996
540215,sports,2,27,3,734.7990409999999,3.6585400000000003
540215,sports,4,388,104,81773.26880999967,262.5083100000002
540215,sports,5,37,8,1438.8953219999996,7.999992
540215,sports,13,4,0,163.98,0.0
540215,sports,16,39,36,194.25071000000008,74.31456000000001
540215,sports,18,11,8,46.7684,15.998400000000002
540215,sports,19,1,0,9.59595,0.0
540215,sports,3,1,0,8.169998,0.0
540215,sports,17,2,0,26.819,0.0
540218,sports,1,30,0,87.09810399999999,0.0
540218,sports,2,47,3,748.4214589999991,3.168629
540218,sports,4,572,180,14793.965252000004,276.9936919999997
540218,sports,16,60,28,426.56910999999934,28.97664000000001
540218,sports,18,11,8,40.59319999999999,8.3952
540218,sports,19,29,28,105.48656999999999,34.48871999999999
540218,sports,21,1,0,84.22618,0.0
540218,sports,3,1,0,8.549987,0.0
540218,sports,7,10,0,1084.8200000000002,0.0
540218,sports,8,1,0,70.99659,0.0
540218,sports,10,1,0,30.9996,0.0
540218,sports,17,9,0,2088.0,0.0
540220,sports,1,30,28,86.66547200000004,62.71983200000003
540220,sports,2,16,5,645.1183810000001,19.051046
540220,sports,4,413,105,10735.667848999996,167.95264899999992
540220,sports,5,1,1,5.0808,5.0808
540220,sports,7,18,9,819.8999820000003,45.899991
540220,sports,15,30,0,1710.0,0.0
540220,sports,16,67,56,991.6000499999997,272.9496
540220,sports,18,40,8,478.57480000000027,9.028800000000002
540220,sports,21,1,0,40.99792,0.0
540220,sports,3,1,1,8.509999,8.509999
540220,sports,12,8,0,150.4,0.0
540220,sports,14,1,0,75.83364,0.0
540224,sports,1,87,58,1242.883894000001,59.47695800000001
540224,sports,2,139,39,6934.745501999991,93.09750799999995
540224,sports,4,352,98,23043.443898999878,330.8623090000001
540224,sports,5,114,3,8429.784172000003,2.537
540224,sports,7,24,8,181.37292200000005,39.999992
540224,sports,11,4,1,27.922688000000004,0.999998
540224,sports,13,16,8,247.999984,7.999992
540224,sports,14,9,0,333.0,0.0
540224,sports,16,62,31,386.485869,62.10819999999998
540224,sports,17,2,1,63.025380000000006,0.52416
540224,sports,18,4,1,30.3217,1.2177
540224,sports,20,8,0,58.39999999999999,0.0
540224,sports,21,1,1,2.831,2.831
540224,sports,3,2,0,51.27832,0.0
540224,sports,15,1,1,1.23,1.23
540224,sports,19,8,0,70.0,0.0
540227,sports,1,31,29,86.01907500000002,62.75977500000001
540227,sports,2,18,7,738.7592010000001,26.414431
540227,sports,4,360,105,8985.102837000013,221.29200899999984
540227,sports,10,2,0,18.0712,0.0
540227,sports,12,1,0,59.4,0.0
540227,sports,16,87,56,609.9443349999997,258.2428799999998
540227,sports,17,29,1,915.8053589999996,0.999999
540227,sports,18,3,0,31.212,0.0
540227,sports,19,30,1,1126.5157900000002,1.027
540227,sports,23,8,8,13.42608,13.42608
540227,sports,3,1,0,8.229998,0.0
540227,sports,5,8,8,7.999992,7.999992
540227,sports,6,31,2,254.56539999999995,7.1258
540227,sports,9,1,1,1.66,1.66
540227,sports,14,1,0,38.21139,0.0
540227,sports,15,28,0,3979.862039999999,0.0
540232,sports,1,30,0,90.93906399999999,0.0
540232,sports,2,21,2,751.3196999999998,2.2648099999999998
540232,sports,3,2,0,11.451426,0.0
540232,sports,4,460,96,9882.52836000001,29.96899999999999
540232,sports,5,139,137,281.8017100000003,187.88028000000028
540232,sports,9,1,0,351.56992,0.0
540232,sports,16,87,28,2342.574007999999,6.209279999999999
540232,sports,18,3,0,33.592,0.0
540232,sports,19,5,2,241.67799000000002,2.064
540232,sports,22,1,0,116.63379,0.0
540232,sports,7,7,0,272.97389000000004,0.0
540232,sports,17,1,0,72.99344,0.0
540233,sports,1,30,28,85.18950799999996,61.59974799999997
540233,sports,2,39,2,519.035414,2.07858
540233,sports,3,2,0,27.989998,0.0
540233,sports,4,414,138,4798.922743999983,230.03545200000008
540233,sports,5,38,2,266.888,0.776
540233,sports,6,3,0,332.76584,0.0
540233,sports,10,12,0,2189.482,0.0
540233,sports,13,12,0,197.19600000000003,0.0
540233,sports,15,30,0,238.16399999999982,0.0
540233,sports,16,61,29,388.98863899999964,48.94704
540233,sports,17,29,10,646.36121,22.95088
540233,sports,18,3,0,30.939999999999998,0.0
540233,sports,19,1,0,12.4623,0.0
540233,sports,21,2,0,109.9872,0.0
540233,sports,12,9,9,6.148,6.148
540234,sports,1,58,56,135.7189440000001,113.6798040000001
540234,sports,2,48,33,727.6808429999995,59.50300999999996
540234,sports,4,314,48,6567.6422890000085,91.795729
540234,sports,13,92,0,2196.257139999998,0.0
540234,sports,16,60,29,392.97363500000046,69.302079
540234,sports,17,1,0,5.999999,0.0
540234,sports,18,3,0,29.512,0.0
540234,sports,20,1,1,0.999999,0.999999
540234,sports,3,1,0,7.849996,0.0
540234,sports,5,9,9,11.779992,11.779992
540234,sports,6,10,10,17.999982,17.999982
540234,sports,7,16,9,99.936079,8.936079
540234,sports,8,1,1,1.92046,1.92046
540234,sports,9,1,1,0.999998,0.999998
540234,sports,11,30,1,116.93472899999998,2.93213
540234,sports,12,1,1,1.25715,1.25715
540235,sports,1,30,0,91.32024000000001,0.0
540235,sports,2,219,62,23342.33024600006,76.2802299999999
540235,sports,4,369,116,9513.357960000021,60.59337999999995
540235,sports,6,18,8,818.6960000000001,8.799999999999999
540235,sports,13,29,29,31.900000000000016,31.900000000000016
540235,sports,15,17,0,5330.43896,0.0
540235,sports,16,61,28,563.7481679999994,4.13952
540235,sports,18,6,0,314.1726,0.0
540235,sports,20,1,0,57.99232,0.0
540235,sports,23,8,8,6.3999999999999995,6.3999999999999995
540235,sports,3,1,0,8.949976,0.0
540235,sports,7,15,0,1739.7261699999997,0.0
540235,sports,19,28,0,55.997983999999974,0.0
551963,politics,1,2,1,123.79728,10.13928
551963,politics,2,64,34,3542.5295040000015,110.50950800000003
551963,politics,3,29,29,108.75,108.75
551963,politics,4,244,59,429221.8177199994,2631.0302000000033
551963,politics,5,216,5,17973.280791999965,37.782406
551963,politics,7,27,27,753.4293619999997,753.4293619999997
551963,politics,8,88,30,6310.123538000003,276.00365200000005
551963,politics,9,33,5,2302.889195999999,51.999996
551963,politics,10,35,35,505.4219899999999,505.4219899999999
551963,politics,11,62,33,72712.62490400004,104.48626199999994
551963,politics,12,5,4,2370.59999,61.539992
551963,politics,13,125,0,49897.0526299999,0.0
551963,politics,14,2,2,22.219918,22.219918
551963,politics,15,45,37,17371.875703000005,1419.8757030000008
551963,politics,16,1,1,5.99,5.99
551963,politics,17,38,30,1930.3218599999968,207.6402600000001
551963,politics,19,32,30,1187.1683769999995,888.3683769999997
551963,politics,20,7,2,1379.1691179999998,33.219117999999995
551963,politics,21,28,28,414.39994400000006,414.39994400000006
551963,politics,22,10,10,25.099998,25.099998
551963,politics,23,3,3,91.79799799999999,91.79799799999999
551963,politics,18,1,1,5.999994,5.999994
553874,sports,1,32,0,18842.708978000006,0.0
553874,sports,2,58,57,383.09459999999996,340.09727999999996
553874,sports,4,2,0,1217.6168400000001,0.0
553874,sports,5,46,37,1134.6169539999994,141.60911999999993
553874,sports,7,3,1,108.98385400000001,1.504
553874,sports,9,90,1,1385.3563199999999,5.06964
553874,sports,12,1,0,134.28072,0.0
553874,sports,14,114,30,2153.299000000001,0.7500000000000003
553874,sports,16,1,0,600.65856,0.0
553874,sports,17,35,3,17354.176367999997,9.825579999999999
553874,sports,20,8,0,79.68,0.0
553874,sports,21,24,0,374.12,0.0
553874,sports,3,1,0,89.33124,0.0
553874,sports,6,8,0,431.94527999999997,0.0
553874,sports,11,1,0,29.99952,0.0
553875,sports,2,85,28,3821.917659999997,139.9994399999999
553875,sports,4,2,0,141.23572000000001,0.0
553875,sports,5,16,0,2106.5904999999993,0.0
553875,sports,8,4,2,159.65608,14.66664
553875,sports,9,156,67,5089.445887999995,690.1184199999999
553875,sports,10,8,8,39.99984,39.99984
553875,sports,13,25,0,1499.9939999999997,0.0
553875,sports,16,37,0,4897.989999999998,0.0
553875,sports,18,1,0,126.62897,0.0
553875,sports,20,8,8,79.84000000000002,79.84000000000002
553875,sports,21,24,8,375.2480000000001,87.82399999999998
553875,sports,22,1,0,96.56942,0.0
553875,sports,23,29,1,2570.9979999999996,0.15
553875,sports,7,2,0,107.699669,0.0
553875,sports,14,84,28,2158.673999999999,363.2719999999998
553875,sports,17,5,2,337.279098,7.07982
553877,sports,3,1,0,143.33408,0.0
553877,sports,4,29,0,1609.9564799999998,0.0
553877,sports,5,72,0,4634.288879999996,0.0
553877,sports,8,12,0,3527.9237620000004,0.0
553877,sports,9,144,60,4639.170980000001,702.0832699999987
553877,sports,13,25,0,1499.946,0.0
553877,sports,18,9,0,1005.1029800000001,0.0
553877,sports,20,8,8,79.52,79.52
553877,sports,21,24,16,373.74400000000026,206.75199999999998
553877,sports,2,1,1,16.10568,16.10568
553877,sports,7,2,0,107.15987799999999,0.0
553877,sports,14,84,56,2145.695999999998,888.8319999999991
553877,sports,17,5,2,341.259052,13.04928
553878,sports,5,29,0,1583.4284799999998,0.0
553878,sports,9,135,67,2750.5380600000026,689.9435400000009
553878,sports,11,1,0,39.99936,0.0
553878,sports,19,2,0,79.8985,0.0
553878,sports,20,8,8,79.68,79.68
553878,sports,21,53,16,3308.931120000003,207.16799999999992
553878,sports,22,1,0,22.0,0.0
553878,sports,23,1,0,59.9388,0.0
553878,sports,2,3,0,315.5742,0.0
553878,sports,6,2,2,0.44176,0.44176
553878,sports,7,2,0,107.58992500000001,0.0
553878,sports,14,57,1,1798.592960000001,4.98996
553878,sports,16,2,0,92.99019000000001,0.0
553878,sports,17,5,2,337.944144,8.074729999999999
553879,sports,2,1,0,45.209962,0.0
553879,sports,4,4,0,149.91246,0.0
553879,sports,5,30,28,301.231582,111.99899200000004
553879,sports,7,11,0,944.883269,0.0
553879,sports,9,136,68,3097.499640000009,707.0844199999999
553879,sports,13,114,0,7054.290640000002,0.0
553879,sports,18,28,0,1567.9378399999994,0.0
553879,sports,20,8,8,79.84000000000002,79.84000000000002
553879,sports,21,24,16,375.2480000000001,207.58400000000006
553879,sports,23,17,0,821.1192300000002,0.0
553879,sports,8,28,0,2906.1759999999986,0.0
553879,sports,14,56,28,1795.4019999999994,530.9359999999998
553879,sports,17,5,2,337.279098,7.07982
553879,sports,19,8,0,208.94128,0.0
553880,sports,1,2,2,17.999928,17.999928
553880,sports,2,60,57,503.4574900000006,284.71329
553880,sports,4,59,0,6955.285720000001,0.0
553880,sports,5,8,0,391.93456000000003,0.0
553880,sports,7,4,0,1367.065864,0.0
553880,sports,9,139,68,2209.1199400000046,400.2669600000002
553880,sports,11,1,1,3.988,3.988
553880,sports,16,1,0,44.95473,0.0
553880,sports,20,8,8,79.84000000000002,79.84000000000002
553880,sports,21,25,0,456.2243400000001,0.0
553880,sports,22,1,0,83.79785,0.0
553880,sports,23,28,0,2501.273600000001,0.0
553880,sports,8,2,0,121.87328,0.0
553880,sports,13,2,1,36.01586,0.018
553880,sports,14,28,0,530.9359999999998,0.0
553880,sports,17,5,2,337.279098,7.07982
553880,sports,18,8,0,503.4451199999999,0.0
553880,sports,19,2,0,155.532,0.0
553882,sports,2,30,1,5918.0625,5.988
553882,sports,4,31,1,2715.727776,4.99
553882,sports,5,1,0,46.99296,0.0
553882,sports,9,100,67,1511.2498600000029,689.6042099999999
553882,sports,19,31,3,1878.1756360000002,4.250996
553882,sports,20,8,8,79.92,79.92
553882,sports,21,24,16,375.6239999999999,207.79200000000003
553882,sports,23,28,0,2416.59712,0.0
553882,sports,3,1,0,83.82609,0.0
553882,sports,7,30,0,31125.369642999998,0.0
553882,sports,14,86,28,2301.7618100000022,363.63600000000014
553882,sports,17,6,2,412.52193,6.08491
553882,sports,18,29,0,782.7964199999998,0.0
553883,sports,3,28,0,1427.9705999999996,0.0
553883,sports,5,28,28,139.9994399999999,139.9994399999999
553883,sports,7,3,1,108.583083,0.774
553883,sports,9,128,39,3394.8903100000016,297.9962099999999
553883,sports,14,57,28,1175.9811200000001,363.63600000000014
553883,sports,20,9,8,117.91197,79.92
553883,sports,21,24,8,375.6239999999999,87.91200000000002
553883,sports,2,1,0,44.94992,0.0
553883,sports,13,29,0,2116.9109700000004,0.0
553883,sports,16,28,0,1903.7743199999986,0.0
553883,sports,17,5,2,336.61404999999996,6.08491
553883,sports,19,1,0,58.99095,0.0
553884,sports,4,31,2,6357.320771999998,11.999952
553884,sports,5,25,0,1144.1671699999997,0.0
553884,sports,9,128,67,4064.3482100000047,690.1184199999999
553884,sports,10,2,0,87.98368,0.0
553884,sports,16,1,0,53.892,0.0
553884,sports,20,36,8,3094.767999999999,79.84000000000002
553884,sports,21,24,8,375.2480000000001,87.82399999999998
553884,sports,7,2,0,107.699669,0.0
553884,sports,13,1,0,138.9715,0.0
553884,sports,14,84,28,2158.6739999999995,363.2719999999998
553884,sports,15,1,0,140.70661,0.0
553884,sports,17,5,2,337.279098,7.07982
553884,sports,19,11,2,1177.5886239999998,3.999984
553885,sports,1,4,0,201.28970800000002,0.0
553885,sports,4,83,82,247.55695999999935,126.28000000000019
553885,sports,5,8,0,685.9359999999999,0.0
553885,sports,7,3,0,201.142409,0.0
553885,sports,9,116,9,2396.092250000001,2.4066
553885,sports,14,58,0,1012.1324500000011,0.0
553885,sports,17,6,0,407.069098,0.0
553885,sports,19,11,8,50.71471399999999,1.76
553885,sports,20,8,0,79.84000000000002,0.0
553885,sports,21,25,1,375.3820000000001,0.134
553885,sports,16,1,0,66.99574,0.0
556033,crypto,1,4,0,208.22000000000003,0.0
556033,crypto,2,189,37,310068.9174829996,87.66994199999995
556033,crypto,4,133,2,80738.44919800012,4.800800000000001
556033,crypto,5,271,9,69300.92065799997,39.599999999999994
556033,crypto,7,261,86,167739.3491109999,196.3815709999998
556033,crypto,8,136,13,27860.035018000017,31.007195999999997
556033,crypto,9,137,71,48689.31212900007,32.72829699999995
556033,crypto,10,181,31,78109.28626600007,64.96809999999998
556033,crypto,11,170,39,8326.588641000004,188.34076500000006
556033,crypto,12,21,0,29379.9,0.0
556033,crypto,13,389,95,206428.03456300136,352.4927439999995
556033,crypto,14,82,0,8013.4397690000005,0.0
556033,crypto,15,72,11,5994.067336,21.462999999999997
556033,crypto,16,5,0,5107.534399,0.0
556033,crypto,17,105,89,3203.677857999996,119.70826000000007
556033,crypto,18,91,50,3198.5875840000026,60.394384000000095
556033,crypto,19,142,66,71184.99356599993,321.9160720000002
556033,crypto,20,22,19,53.799981000000045,18.999981000000002
556033,crypto,21,127,12,19027.822470999967,19.1025
556033,crypto,22,50,13,27578.697241,37.019498999999996
556033,crypto,23,9,8,17.304299999999998,8.0
556033,crypto,6,78,29,9640.58198500001,52.49999999999998
556034,crypto,1,32,1,291.324688,1.3221
556034,crypto,2,58,53,474.0787730000004,94.95994399999994
556034,crypto,4,33,28,534.8438159999997,57.25019999999997
556034,crypto,5,231,58,21182.04145899996,93.32751000000007
556034,crypto,6,37,28,469.2895599999998,78.2306
556034,crypto,7,111,37,19793.684565999985,153.45999999999995
556034,crypto,8,153,1,13680.749629999995,1.869999
556034,crypto,9,41,9,3625.0032389999988,4.803299999999999
556034,crypto,10,37,17,2947.880358,49.87246399999999
556034,crypto,11,31,0,110232.67918,0.0
556034,crypto,13,64,5,423.44015200000007,4.683786
556034,crypto,15,5,1,233.985998,1.0
556034,crypto,16,29,0,3268.714160000002,0.0
556034,crypto,18,2,0,632.2167999999999,0.0
556034,crypto,19,9,1,405.917,2.397
556034,crypto,21,10,0,13468.220020000004,0.0
556034,crypto,12,16,0,1593.4491839999996,0.0
556034,crypto,17,2,0,996.979998,0.0
556062,crypto,2,28,28,273.2351999999999,273.2351999999999
556062,crypto,5,1,1,7.8,7.8
556062,crypto,11,24,0,17535.216,0.0
556062,crypto,14,9,9,51.03000000000001,51.03000000000001
556062,crypto,18,1,1,1.032,1.032
556062,crypto,19,1,1,9.6686,9.6686
556062,crypto,23,9,0,179.999991,0.0
556062,crypto,9,2,2,1.9942,1.9942
556062,crypto,10,28,0,419.9999440000001,0.0
556077,crypto,1,212,64,16858.46206499997,192.1134690000001
556077,crypto,2,1046,506,79572.19349900044,1082.3330849999977
556077,crypto,3,88,1,46009.923843,4.539998
556077,crypto,4,780,71,160264.30232600056,120.60990500000003
556077,crypto,5,798,87,686163.8390369999,160.17504599999998
556077,crypto,6,538,179,767788.0756859988,372.0359719999997
556077,crypto,7,348,87,11369.252711999983,242.35002999999998
556077,crypto,8,89,48,4980.678992000001,58.95995200000003
556077,crypto,9,66,5,228185.19469499993,16.649997
556077,crypto,10,314,42,139367.78712299984,110.66676199999999
556077,crypto,11,216,32,101782.58937100034,34.41879900000001
556077,crypto,12,12,0,1521.10439,0.0
556077,crypto,13,696,124,56640.15972000032,483.81468600000034
556077,crypto,14,125,39,8720.21879700001,178.634398
556077,crypto,15,337,70,82659.27345800016,206.19996299999988
556077,crypto,16,275,0,83319.12013099984,0.0
556077,crypto,17,121,11,12193.744768,26.693193999999995
556077,crypto,18,101,56,4165.7214310000045,125.5099720000001
556077,crypto,19,203,92,55271.813947999915,210.32840000000022
556077,crypto,20,99,38,8213.943997000002,60.71840000000002
556077,crypto,21,583,253,87294.09063700012,401.2656940000001
556077,crypto,22,38,14,35133.128487,47.862199
556077,crypto,23,125,1,160499.65408599988,1.65
556122,crypto,1,28,0,422.7999440000003,0.0
556122,crypto,2,34,4,879.6799880000007,11.049992000000001
556122,crypto,3,1,0,20.649998,0.0
556122,crypto,4,19,2,158.42996200000002,6.4499960000000005
556122,crypto,5,2,0,17.899996,0.0
556122,crypto,6,2,2,3.539996,3.539996
556122,crypto,8,30,2,435.9199400000003,9.199996
556122,crypto,9,69,2,875.4398620000021,11.929996
556122,crypto,10,3,2,19.619994,5.719996
556122,crypto,13,68,9,61625.72062400008,42.594463999999995
556122,crypto,14,39,1,4030.87337,4.639998
556122,crypto,15,8,8,54.31998399999999,54.31998399999999
556122,crypto,17,31,31,52.52993799999997,52.52993799999997
556122,crypto,18,3,2,34.42999400000001,2.929996
556122,crypto,19,16,8,378.559968,19.519983999999997
556122,crypto,20,48,19,730.4099039999993,53.389962000000004
556122,crypto,21,30,1,878.0099400000005,3.359998
556122,crypto,22,8,0,267.039984,0.0
556122,crypto,23,28,28,190.67994400000012,190.67994400000012
556122,crypto,7,8,0,92.28256499999999,0.0
556122,crypto,11,9,9,50.48998199999999,50.48998199999999
556122,crypto,12,1,1,1.0,1.0
558957,sports,1,2,2,79.99992,79.99992
558957,sports,2,1,1,46.94592,46.94592
558957,sports,4,20,1,1399.78422,0.199
558957,sports,5,37,33,2114.225715000001,1628.7866400000007
558957,sports,7,9,9,179.82,179.82
558957,sports,9,28,0,2797.200000000001,0.0
558957,sports,16,1,1,48.94192,48.94192
558957,sports,23,9,9,341.58545999999996,341.58545999999996
558960,sports,5,10,1,970.0180110000001,10.54944
558960,sports,7,9,0,179.82,0.0
558960,sports,9,28,0,2797.200000000001,0.0
558960,sports,17,1,0,86.63638,0.0
558960,sports,23,28,28,307.66343999999987,307.66343999999987
558978,sports,2,57,0,1231.926469999999,0.0
558978,sports,5,5,4,10.623878000000003,0.07388
558978,sports,13,141,141,282.0,282.0
559664,politics,1,2,2,6.105880000000001,6.105880000000001
559664,politics,2,90,32,4037.698639999993,250.76844
559664,politics,4,1,1,1.41,1.41
559664,politics,5,9,0,3119.366728,0.0
559664,politics,8,2,2,15.98352,15.98352
559666,politics,1,57,29,2288.567847000004,228.99984700000005
559666,politics,2,58,5,13636.954519000014,28.358225
559666,politics,5,24,0,1528.3200000000002,0.0
559666,politics,8,2,2,7.3028200000000005,7.3028200000000005
559666,politics,15,2,0,178.92,0.0
559666,politics,22,1,0,47.712,0.0
559666,politics,7,7,7,27.90158,27.90158
559666,politics,17,28,28,1309.4200000000005,1309.4200000000005
559670,politics,2,57,0,55961.68925200003,0.0
559670,politics,5,1,1,4.099785,4.099785
559670,politics,9,28,28,111.71859999999992,111.71859999999992
559670,politics,11,9,8,278.419823,14.0
559670,politics,16,9,0,2407.2349999999997,0.0
559670,politics,19,1,0,61.752,0.0
559670,politics,3,1,1,4.99992,4.99992
559670,politics,4,1,0,2952.0257,0.0
559670,politics,7,2,1,855.1528040000001,5.999904
559670,politics,8,1,0,509.999808,0.0
559670,politics,12,1,0,94.525,0.0
559671,politics,2,2,0,324.423376,0.0
559671,politics,5,8,0,1489.9889229999997,0.0
559671,politics,11,10,0,60.0,0.0
559671,politics,13,28,28,57.231999999999964,57.231999999999964
559671,politics,17,1,0,54.67,0.0
559672,politics,1,1,0,8.98665,0.0
559672,politics,2,30,28,305.85394099999996,139.85411999999994
559672,politics,5,8,0,2970.9599679999997,0.0
559672,politics,9,2,0,141.999,0.0
559672,politics,17,8,8,3.1200000000000006,3.1200000000000006
559672,politics,21,1,0,85.398,0.0
559672,politics,8,1,0,26.99704,0.0
559676,politics,1,1,1,46.99869,46.99869
559676,politics,2,1,0,198.549924,0.0
559676,politics,3,29,0,2502.816000000001,0.0
559676,politics,4,57,28,4650.891409999994,1763.9921600000005
559676,politics,7,23,7,5236.994855000001,11.899334999999999
559676,politics,13,29,29,2332.5570000000002,2332.5570000000002
559676,politics,10,8,0,1656.5623200000005,0.0
559676,politics,11,1,0,81.426,0.0
559676,politics,12,1,1,68.99354,68.99354
559677,politics,2,3,3,14.999625000000002,14.999625000000002
559677,politics,4,1,1,4.999875,4.999875
559677,politics,8,2,0,516.34324,0.0
559677,politics,9,1,1,71.9982,71.9982
559677,politics,14,8,8,85.18656,85.18656
559677,politics,23,1,0,145.9689,0.0
559677,politics,5,1,1,7.99176,7.99176
559677,politics,7,1,1,10.999924,10.999924
559677,politics,15,1,0,143.24534,0.0
559677,politics,19,1,1,11.77254,11.77254
559678,politics,1,2,0,12.999675,0.0
559678,politics,2,56,54,383.85452000000004,269.98188000000005
559678,politics,4,28,0,2043.8095999999987,0.0
559678,politics,8,8,0,79.9176,0.0
559678,politics,13,4,1,217.76600000000002,1.074
559678,politics,14,11,0,2421.3250000000003,0.0
559678,politics,21,29,28,108.06599999999997,39.47999999999998
559678,politics,7,28,0,251.60128,0.0
559678,politics,11,9,9,44.998875000000005,44.998875000000005
559678,politics,16,1,0,59.64,0.0
559679,politics,1,28,28,167.71720000000008,167.71720000000008
559679,politics,2,57,29,314.1215,146.12570000000005
559679,politics,4,28,0,6755.214199999995,0.0
559679,politics,9,10,1,5550.726935999999,3.999936
559679,politics,11,1,0,342.678,0.0
559679,politics,12,1,0,81.98076,0.0
559679,politics,7,1,0,879.11235,0.0
559679,politics,8,1,0,509.999808,0.0
559679,politics,15,8,0,457.52255999999994,0.0
559680,politics,1,1,1,3.9999,3.9999
559680,politics,2,32,30,723.6396249999996,267.9990710000001
559680,politics,4,114,85,5819.771759999991,4313.324999999993
559680,politics,5,1,1,0.405,0.405
559680,politics,7,7,7,20.94358,20.94358
559680,politics,8,1,0,73.63,0.0
559681,politics,4,2,2,79.149,79.149
559681,politics,5,28,28,9659.999776000004,9659.999776000004
559681,politics,13,1,1,50.0,50.0
559682,politics,4,86,0,22961.862053000033,0.0
559682,politics,7,9,9,56.4986,56.4986
559682,politics,14,10,0,2066.417194,0.0
559682,politics,21,1,0,1011.119995,0.0
559682,politics,2,8,8,63.999992000000006,63.999992000000006
559682,politics,3,8,0,604.96,0.0
559682,politics,5,1,0,270.99422,0.0
559682,politics,9,29,29,349.92965999999984,349.92965999999984
559682,politics,13,3,1,597.2089500000001,22.99445
559682,politics,16,1,0,55.94232,0.0
559682,politics,19,28,28,1335.8870000000002,1335.8870000000002
559683,politics,1,1,0,7.999999,0.0
559683,politics,2,32,29,134.579725,115.59226
559683,politics,5,8,0,2954.559368,0.0
559683,politics,8,1,0,4.98988,0.0
559683,politics,13,1,0,73.556,0.0
559683,politics,4,1,0,102.485,0.0
559683,politics,7,7,0,41.95674,0.0
559683,politics,11,1,0,185.539839,0.0
559683,politics,14,8,8,16.8,16.8
559683,politics,17,2,0,348.83436,0.0
559684,politics,2,10,8,605.6785890000001,47.99880000000001
559684,politics,3,1,1,5.99985,5.99985
559684,politics,4,1,1,3.9999,3.9999
559684,politics,5,1,0,342.3833,0.0
559684,politics,13,1,1,0.435,0.435
559684,politics,17,9,0,1078.4403,0.0
559684,politics,7,38,28,417.159072,223.76928
559685,politics,1,2,2,0.26,0.26
559685,politics,3,1,0,6.999825,0.0
559685,politics,5,26,0,2603.653140000001,0.0
559685,politics,15,29,28,90.91320000000002,17.920000000000005
559685,politics,2,2,0,199.999776,0.0
559685,politics,7,15,0,1436.174641999999,0.0
559685,politics,10,9,0,867.7620000000001,0.0
559685,politics,13,1,0,75.62,0.0
559687,politics,1,28,28,167.71720000000008,167.71720000000008
559687,politics,2,32,3,28145.97055000001,12.2958
559687,politics,7,9,1,1523.994291,7.999872
559687,politics,10,2,2,10.3878,10.3878
559687,politics,13,64,32,576.0,256.0
559687,politics,14,58,29,594.44888,232.0
559687,politics,15,179,90,1610.0,720.0
559687,politics,20,28,28,30.23999999999998,30.23999999999998
559687,politics,5,1,1,7.1839,7.1839
559687,politics,6,1,0,10.0,0.0
559687,politics,19,28,28,0.5600000000000002,0.5600000000000002
559688,politics,1,1,1,8.999974,8.999974
559688,politics,2,32,3,1714.8133279999997,21.977395
559688,politics,9,1,0,91.0504,0.0
559688,politics,13,57,29,353.894,48.894
559688,politics,21,1,0,316.059959,0.0
559688,politics,6,2,2,10.37736,10.37736
559688,politics,7,8,1,1360.40471,8.98576
559689,politics,1,2,0,199.98,0.0
559689,politics,2,29,29,44.59968,44.59968
559689,politics,4,142,42,8701.47340000001,77.79139999999988
559689,politics,5,68,0,13342.95700800002,0.0
559689,politics,6,22,20,573.55648,12.639999999999997
559689,politics,15,2,1,115.11500000000001,1.15
559689,politics,20,19,19,1384.0398,1384.0398
559690,politics,1,28,0,307.5122400000001,0.0
559690,politics,2,56,56,391.4803200000003,391.4803200000003
559690,politics,4,34,0,1438.2413399999994,0.0
559690,politics,5,2,0,723.17973,0.0
559690,politics,7,1,0,269.46048,0.0
559690,politics,9,2,1,57.675790000000006,5.98779
559690,politics,10,1,0,1021.3998,0.0
559690,politics,18,29,0,3254.0609999999992,0.0
559690,politics,19,1,0,53.622,0.0
561240,politics,1,1,0,69.37,0.0
561240,politics,9,8,0,2821.09952,0.0
561240,politics,17,2,1,110.75999999999999,0.648
561240,politics,23,28,28,1777.6640000000011,1777.6640000000011
561240,politics,2,1,0,290.349968,0.0
561240,politics,5,1,0,406.72,0.0
561240,politics,16,2,1,290.54672,3.204
561242,politics,1,2,2,75.772,75.772
561242,politics,2,117,30,31072.935909000014,488.76799999999963
561242,politics,4,3,3,13.363787,13.363787
561242,politics,8,1,1,39.099942,39.099942
561242,politics,20,28,28,18.227999999999998,18.227999999999998
561242,politics,10,28,0,4053.26712,0.0
561242,politics,13,8,8,144.0,144.0
561242,politics,15,8,0,1804.6463999999999,0.0
561242,politics,19,28,28,2194.3039999999987,2194.3039999999987
561245,politics,1,10,0,42714.93894999999,0.0
561245,politics,2,39,2,2031.0647200000017,2.688
561245,politics,4,65,28,5637.825439999994,34.69200000000001
561245,politics,7,28,0,9731.4,0.0
561245,politics,16,1,1,1.752,1.752
561245,politics,18,31,29,175.12000000000006,16.24000000000001
561245,politics,9,9,0,125.92233000000002,0.0
561245,politics,11,1,0,53.622,0.0
561245,politics,12,8,8,3.8092800000000007,3.8092800000000007
561245,politics,17,1,0,37.99218,0.0
561247,politics,6,8,0,745.8621599999999,0.0
561247,politics,11,1,0,263.93152,0.0
561247,politics,16,1,0,349.289877,0.0
561247,politics,2,1,0,88.377,0.0
561247,politics,4,1,1,1.022,1.022
561247,politics,5,8,0,2882.0377599999997,0.0
561247,politics,7,7,3,166.88700400000002,33.94624
561247,politics,13,29,29,811.7874299999995,811.7874299999995
561247,politics,18,2,0,395.93889,0.0
561248,politics,1,56,56,2423.69372,2423.69372
561248,politics,2,32,2,9728.418125999997,9.979199999999999
561248,politics,4,1,0,90.181,0.0
561248,politics,9,1,0,350.6382,0.0
561248,politics,10,28,0,1734.1632000000009,0.0
561248,politics,14,1,0,119.97046,0.0
561248,politics,19,16,0,1640.6032000000005,0.0
561248,politics,8,37,9,1917.485999999999,2.8739999999999997
561249,politics,4,1,0,5.18816,0.0
561249,politics,5,1,0,204.59008,0.0
561249,politics,9,17,9,7185.598901999999,43.198902
561249,politics,11,10,0,579.7433480000001,0.0
561249,politics,12,2,1,93.90899999999999,0.567
561249,politics,17,1,0,95.328,0.0
561249,politics,20,28,28,17.443999999999996,17.443999999999996
561249,politics,6,8,0,515.84,0.0
561249,politics,15,28,0,9443.839999999998,0.0
561250,politics,2,59,31,1782.0197599999988,187.79131999999998
561250,politics,3,1,1,5.99334,5.99334
561250,politics,9,8,0,2797.1293599999995,0.0
561250,politics,11,8,0,2227.2798240000006,0.0
561250,politics,13,2,1,36.1564,0.16
561250,politics,14,1,0,13.999986,0.0
561250,politics,18,1,0,55.659978,0.0
561250,politics,21,9,0,897.479352,0.0
561250,politics,20,1,0,11.0,0.0
561251,politics,2,142,86,9093.27008000003,114.79232000000005
561251,politics,3,1,0,5.98564,0.0
561251,politics,7,1,0,94.145,0.0
561251,politics,19,8,0,619.0079999999999,0.0
561251,politics,5,8,0,1278.54856,0.0
561251,politics,9,1,0,29.34336,0.0
561251,politics,10,16,0,8220.965119999999,0.0
561251,politics,11,30,0,78483.869332,0.0
561251,politics,13,1,0,13.874,0.0
561251,politics,14,1,0,25.999948,0.0
561254,politics,2,29,0,2752.046640000001,0.0
561254,politics,5,35,1,4429.591299999999,0.48
561254,politics,11,2,0,1209.921782,0.0
561254,politics,18,28,28,2.9120000000000017,2.9120000000000017
561254,politics,19,9,8,628.6903999999998,551.3923999999998
561254,politics,22,1,0,1018.169952,0.0
561254,politics,9,1,1,24.552,24.552
561254,politics,12,8,8,0.7927999999999998,0.7927999999999998
561990,politics,2,28,0,9043.998123999998,0.0
561990,politics,4,1,0,274.7943,0.0
561990,politics,22,1,1,0.61749,0.61749
561990,politics,8,1,1,0.35504,0.35504
561990,politics,10,10,10,26.895440000000004,26.895440000000004
561990,politics,15,28,28,2358.5799999999995,2358.5799999999995
561992,politics,2,4,3,279.74409199999997,11.991572
561992,politics,3,28,28,2574.6504,2574.6504
561992,politics,4,32,32,2081.735129999999,2081.735129999999
561992,politics,7,29,1,2893.246999999999,1.631
561992,politics,8,1,1,18.8571,18.8571
561992,politics,9,1,0,104.37,0.0
561992,politics,10,28,0,8783.005560000005,0.0
561992,politics,22,1,1,59.93748,59.93748
561992,politics,15,8,0,2134.1556,0.0
561992,politics,17,9,9,368.93304,368.93304
561993,politics,1,2,2,3.64,3.64
561993,politics,2,1,1,82.502,82.502
561993,politics,4,29,29,2661.1255100000008,2661.1255100000008
561993,politics,7,1,0,278.65796,0.0
561993,politics,8,2,2,1.1,1.1
561993,politics,9,1,1,40.994,40.994
561993,politics,5,1,1,69.99825,69.99825
561993,politics,12,1,0,254.079817,0.0
561994,politics,1,1,1,3.999945,3.999945
561994,politics,4,1,1,5.958,5.958
561994,politics,17,9,9,511.39500000000004,511.39500000000004
561994,politics,5,1,1,1.76,1.76
561994,politics,7,2,2,170.624,170.624
561994,politics,10,1,1,68.92416,68.92416
561994,politics,13,1,0,249.74592,0.0
561995,politics,2,29,29,20.531999999999993,20.531999999999993
561995,politics,4,62,20,15083.06373300002,1231.3200000000004
561995,politics,5,53,0,6141.925999999998,0.0
561995,politics,11,29,0,9212.971609999999,0.0
561995,politics,17,1,1,70.92006,70.92006
561995,politics,21,28,28,2530.1639999999998,2530.1639999999998
561995,politics,7,1,1,82.419,82.419
561995,politics,10,28,28,1836.9120000000007,1836.9120000000007
561995,politics,18,8,0,1112.16,0.0
561999,politics,1,28,28,32.19999999999998,32.19999999999998
561999,politics,2,2,1,72.316,0.604
561999,politics,4,29,29,11.831999999999999,11.831999999999999
561999,politics,8,2,0,187.06,0.0
561999,politics,11,1,0,250.049784,0.0
561999,politics,14,30,0,9523.036900000005,0.0
561999,politics,15,10,0,532.6234999999998,0.0
561999,politics,19,10,10,8.088,8.088
561999,politics,20,1,0,70.716,0.0
561999,politics,21,1,0,349.609944,0.0
561999,politics,22,2,0,656.441415,0.0
561999,politics,10,10,0,127.44955,0.0
561999,politics,13,1,0,78.684,0.0
574071,crypto,2,1,0,122.69412,0.0
574071,crypto,3,28,0,12591.659639999994,0.0
574071,crypto,5,1,0,87.90384,0.0
574071,crypto,6,4,0,21040.993759999998,0.0
574071,crypto,9,29,29,113.109998,113.109998
574071,crypto,10,20,8,1156.2700020000004,10.239984
574071,crypto,12,10,0,75020.92397999999,0.0
574071,crypto,13,31,0,18532.826790000017,0.0
574071,crypto,16,1,0,277.16456,0.0
574071,crypto,8,1,0,12.53745,0.0
574072,crypto,1,28,0,14013.915999999996,0.0
574072,crypto,2,124,28,45433.38113200011,139.71999999999997
574072,crypto,4,244,1,28968.257882999973,3.939057
574072,crypto,5,127,1,77354.51524699994,4.079916
574072,crypto,6,6,0,21395.102422,0.0
574072,crypto,7,145,2,48586.224356000006,3.978018
574072,crypto,8,13,0,82597.05999399998,0.0
574072,crypto,9,70,49,6741.065975999994,251.85500000000013
574072,crypto,10,38,1,14313.671991999998,5.994
574072,crypto,11,3,1,521.891996,3.992
574072,crypto,12,3,1,1000.4985,1.0
574072,crypto,13,59,0,29492.939499999993,0.0
574072,crypto,14,74,28,9187.90692600001,28.0
574072,crypto,15,275,207,43073.63774399998,153.95781999999974
574072,crypto,16,104,34,31297.034937999953,165.87499800000006
574072,crypto,17,36,2,17010.24893399999,4.759996
574072,crypto,18,42,10,16178.326771999997,10.71998
574072,crypto,19,11,0,5087.641982000001,0.0
574072,crypto,20,10,0,4999.498982000001,0.0
574072,crypto,21,40,0,16312.416921999997,0.0
574072,crypto,22,5,0,1105.63999,0.0
574072,crypto,23,1,0,59.93988,0.0
574073,crypto,2,58,29,811.7674200000005,173.826
574073,crypto,3,1,0,10.0899,0.0
574073,crypto,4,1,0,1341.33732,0.0
574073,crypto,8,1,0,46.96299,0.0
574073,crypto,11,1,0,7.91208,0.0
576410,crypto,2,1,0,127.41466,0.0
576410,crypto,5,8,0,39.999959999999994,0.0
576410,crypto,9,34,30,5546.711294000001,86.409996
576410,crypto,11,9,0,77.21998200000002,0.0
576410,crypto,12,8,0,56.0,0.0
576410,crypto,8,1,0,16.983,0.0
601577,crypto,1,1,1,1.785,1.785
601577,crypto,2,9,0,3712.9365,0.0
601577,crypto,4,74,28,1967.8707830000008,28.86519999999998
601577,crypto,5,168,41,38953.216308999996,40.498938
601577,crypto,7,123,30,24897.449507999983,49.494791
601577,crypto,9,90,30,15722.387138999997,115.96999700000009
601577,crypto,10,80,30,19138.334208000015,54.90101199999998
601577,crypto,11,61,11,3545.6477870000012,36.550397000000004
601577,crypto,13,5,2,1233.315496,3.1395
601577,crypto,14,3,0,1012.4552,0.0
601577,crypto,15,46,8,67729.00555099995,8.64
601577,crypto,16,29,28,1147.6822,37.60400000000001
601577,crypto,17,43,3,32749.352857999973,6.3345
601577,crypto,18,28,0,420.0,0.0
601577,crypto,19,32,1,1781.4838180000013,1.4195
601577,crypto,20,28,0,1707.999944,0.0
601577,crypto,21,60,28,11961.189699999992,108.37120000000007
601577,crypto,23,9,0,139.584799,0.0
601577,crypto,6,10,2,2007.585584,7.5856
601577,crypto,8,64,1,24174.498486999997,0.1199
620015,crypto,1,119,32,17679.757413999978,31.99995399999999
620015,crypto,2,64,0,41319.520849999986,0.0
620015,crypto,4,3,0,384.3264,0.0
620015,crypto,5,173,63,62718.64066700014,73.11481899999994
620015,crypto,7,41,40,15.05514500000002,12.595159000000022
620015,crypto,9,14,1,669.926264,0.04706
620015,crypto,10,17,0,868.1999979999999,0.0
620015,crypto,11,2,0,337.75,0.0
620015,crypto,14,32,1,461.29924600000015,1.3
620015,crypto,16,3,0,26.928284,0.0
620015,crypto,20,1,0,2630.72618,0.0
620015,crypto,21,28,0,204.6828000000001,0.0
620015,crypto,22,2,0,52.94998100000001,0.0
620015,crypto,23,37,9,50.046680000000016,2.8246800000000007
620015,crypto,15,29,0,2001.5162799999991,0.0
666217,crypto,1,56,28,251.77599999999973,111.77600000000004
666217,crypto,2,11,0,988.7694260000002,0.0
666217,crypto,4,31,2,3965.5915999999993,2.3588
666217,crypto,5,1,0,75.924,0.0
666217,crypto,9,1,1,1.999998,1.999998
666217,crypto,14,1,0,39.99996,0.0
666217,crypto,16,29,1,1879.302318000001,3.499998
666217,crypto,18,8,0,389.599984,0.0
666217,crypto,19,8,0,418.15998399999995,0.0
666217,crypto,20,29,28,105.95,56.0
666217,crypto,21,10,0,357.83998,0.0
666217,crypto,22,10,0,699.612,0.0
666217,crypto,3,1,0,998.0,0.0
666217,crypto,7,28,0,1119.999944,0.0
666217,crypto,10,9,0,100.79810099999999,0.0
666217,crypto,12,3,0,1499.995998,0.0
666217,crypto,13,59,30,14588.56483300001,30.579390999999987
666217,crypto,17,12,12,17.060817,17.060817
666646,crypto,2,42,2,33135.36379499998,6.799997
666646,crypto,4,271,99,10907.793831999954,197.89237200000028
666646,crypto,5,113,25,9746.653485999996,87.5
666646,crypto,7,146,23,56437.76145800003,61.41799899999999
666646,crypto,9,109,39,3204.8977599999944,37.254189999999966
666646,crypto,10,52,1,4856.023482,3.1
666646,crypto,11,85,4,7078.952985999994,14.499998
666646,crypto,12,27,1,2151.3774750000002,1.999999
666646,crypto,13,243,89,120848.00033499967,50.58336999999996
666646,crypto,14,80,1,5887.787243999996,4.032
666646,crypto,15,19,8,2717.719789999999,7.999992
666646,crypto,16,68,9,111230.76429100001,15.919991
666646,crypto,17,135,58,9108.79433100001,115.65156899999994
666646,crypto,18,181,132,19956.826598999953,243.7515989999997
666646,crypto,19,76,3,156434.11079899987,12.037600000000001
666646,crypto,20,37,0,1766.5703430000003,0.0
666646,crypto,21,153,2,13383.633114999979,5.3100000000000005
666646,crypto,22,29,0,190.26900000000012,0.0
666646,crypto,23,12,0,770.1994979999998,0.0
666646,crypto,3,2,0,1006.1,0.0
666646,crypto,6,60,0,16113.331597999992,0.0
666646,crypto,8,146,28,246547.11592999965,26.86039999999999
686122,crypto,1,85,0,3751.077195999997,0.0
686122,crypto,2,390,61,82644.29003799993,68.74988200000003
686122,crypto,3,71,10,10244.783469999982,9.847899000000002
686122,crypto,4,672,291,271176.68991700246,510.0219370000007
686122,crypto,5,718,383,129878.96275300212,466.9094620000005
686122,crypto,7,309,133,37704.589125000006,176.90063100000003
686122,crypto,8,195,88,345255.9491219999,59.32443999999995
686122,crypto,9,120,12,127634.43759299972,15.315592
686122,crypto,10,323,61,35076.33946299997,142.58220500000016
686122,crypto,11,140,4,100305.64636600023,6.931938
686122,crypto,12,38,2,34015.032972,6.309996999999999
686122,crypto,13,349,40,47959.174728,68.319962
686122,crypto,14,43,1,76162.19838,2.27746
686122,crypto,15,156,17,48783.90771799989,47.059984
686122,crypto,16,175,30,35928.74430200001,58.536869999999965
686122,crypto,17,281,37,86794.89931600029,68.93269999999998
686122,crypto,18,125,9,41635.82263999994,20.211892
686122,crypto,19,114,17,193937.73261900016,12.621600000000003
686122,crypto,20,141,3,23669.181640000006,3.351999
686122,crypto,21,309,32,273506.92518799973,31.93665899999998
686122,crypto,22,86,2,187793.02737600007,3.832599
686122,crypto,23,54,16,4019.6231360000015,38.63993600000002
686122,crypto,6,157,32,116933.89969999997,82.93708000000001
687200,crypto,1,33,4,511.32970800000015,12.396018
687200,crypto,2,148,59,10916.903930999988,61.79996900000006
687200,crypto,3,168,0,42369.59999999982,0.0
687200,crypto,4,117,1,15923.370768000006,2.8
687200,crypto,5,205,103,19473.403094999998,689.5992269999992
687200,crypto,8,86,28,1483.5436679999993,117.62799999999991
687200,crypto,9,41,1,11200.981216999999,4.999995
687200,crypto,10,3,0,3754.2399979999996,0.0
687200,crypto,11,32,23,513.4528570000001,118.453498
687200,crypto,12,8,8,15.19892,15.19892
687200,crypto,13,37,28,2498.9999820000003,84.0
687200,crypto,14,12,9,80.996712,10.34
687200,crypto,15,30,0,3266.7803999999987,0.0
687200,crypto,16,29,0,12438.880534000004,0.0
687200,crypto,19,29,0,29922.69399799999,0.0
687200,crypto,20,56,0,3109.9037199999966,0.0
687200,crypto,21,9,1,328.5455,0.61718
687200,crypto,7,9,2,966.8099089999998,2.0
687200,crypto,17,1,0,13.45596,0.0
687200,crypto,18,29,29,29.0,29.0
687778,crypto,1,1,0,86.629994,0.0
687778,crypto,2,60,57,199.22907999999987,55.164320000000046
687778,crypto,5,9,0,63646.69242499999,0.0
687778,crypto,10,2,0,13.95129,0.0
687778,crypto,11,19,1,4966.070258,1.0
687778,crypto,18,60,0,1050.1036740000006,0.0
687778,crypto,20,1,0,12.63967,0.0
687778,crypto,23,28,0,692.4399440000003,0.0
687778,crypto,6,1,0,99.55843,0.0
687778,crypto,7,31,0,691.4955180000002,0.0
687778,crypto,8,1,0,7.259733,0.0
687778,crypto,12,8,0,53.034912000000006,0.0
687778,crypto,14,1,1,0.13019,0.13019
687778,crypto,15,1,0,137.862,0.0
799384,crypto,1,87,59,775.2132140000015,57.296069999999965
799384,crypto,2,68,65,159.7657800000001,64.99710100000007
799384,crypto,4,88,0,2907.728980000003,0.0
799384,crypto,5,8,0,959.999984,0.0
799384,crypto,9,9,0,1098.999984,0.0
799384,crypto,11,1,1,1.0,1.0
799384,crypto,13,172,28,1062.9446379999983,28.0
799384,crypto,14,68,0,6450.734647999992,0.0
799384,crypto,22,9,0,27.0,0.0
799384,crypto,23,38,0,4632.062000000001,0.0
799384,crypto,10,1,0,74.9997,0.0
799384,crypto,16,1,0,55.93536,0.0
799384,crypto,19,2,0,99.9996,0.0
800432,crypto,1,8,0,1805.865742,0.0
800432,crypto,2,390,33,300268.6442679989,137.88993999999997
800432,crypto,3,28,0,903.2399599999997,0.0
800432,crypto,4,645,271,39902.73765499992,743.1584530000002
800432,crypto,5,427,101,14489.820998000005,113.77204799999984
800432,crypto,6,44,2,3441.9998060000025,1.999998
800432,crypto,7,14,12,260.31554700000004,14.999477000000002
800432,crypto,8,48,31,434.7576239999999,58.29826
800432,crypto,9,78,2,2483.4350669999994,6.76
800432,crypto,10,34,30,101.75995600000002,51.96997100000001
800432,crypto,11,9,0,89.03223200000001,0.0
800432,crypto,12,16,8,81.09404799999999,1.09408
800432,crypto,13,117,1,15402.172821999966,1.1
800432,crypto,14,156,40,13047.334483999995,23.999984000000005
800432,crypto,15,33,0,13743.055520000005,0.0
800432,crypto,16,22,0,1052.0737800000004,0.0
800432,crypto,17,40,2,7014.125561000001,8.046050000000001
800432,crypto,19,45,8,6634.703944000005,27.199999999999996
800432,crypto,21,9,0,427.17316999999997,0.0
800432,crypto,22,8,8,38.06776,38.06776
800432,crypto,18,8,0,298.46095999999994,0.0
800505,crypto,1,3,0,897.3000000000001,0.0
800505,crypto,2,60,28,2235.5904,28.0
800505,crypto,4,1,0,9.879111,0.0
800505,crypto,5,42,0,55485.68672199998,0.0
800505,crypto,10,9,0,52.789198,0.0
800505,crypto,11,2,1,3.869128,1.0
800505,crypto,19,98,29,14963.346674999995,29.669300999999987
800505,crypto,22,9,0,141.56329499999998,0.0
800505,crypto,23,1,0,25.249725,0.0
800505,crypto,9,9,0,1231.5220199999999,0.0
800505,crypto,12,8,8,7.999992,7.999992
800505,crypto,14,1,1,0.999999,0.999999
800505,crypto,17,56,0,94.66909200000008,0.0
800505,crypto,18,3,2,3.487508,1.997999
800505,crypto,20,19,19,24.694281000000004,24.694281000000004
800789,crypto,1,32,32,31.99993600000002,31.99993600000002
800789,crypto,2,91,88,603.7037379999999,87.99987999999996
800789,crypto,3,1,0,4.999998,0.0
800789,crypto,4,61,0,5146.722494999998,0.0
800789,crypto,5,9,0,801.999952,0.0
800789,crypto,9,17,0,113.06271399999997,0.0
800789,crypto,10,3,0,174.33800000000002,0.0
800789,crypto,11,3,1,519.542954,0.999964
800789,crypto,12,8,0,793.6000000000001,0.0
800789,crypto,13,34,1,696.7947640000002,0.999998
800789,crypto,14,58,0,22036.734229999995,0.0
800789,crypto,19,14,0,557.9043360000001,0.0
800789,crypto,20,3,0,75.85013400000001,0.0
800789,crypto,22,1,0,45.94611,0.0
800789,crypto,23,40,0,491.58837600000027,0.0
800789,crypto,7,28,0,144448.63994400005,0.0
800789,crypto,16,1,0,14.999998,0.0
574069,crypto,1,28,28,28.0,28.0
574069,crypto,4,1,0,4.999995,0.0
574069,crypto,8,28,0,1786.655556,0.0
574069,crypto,9,1,0,1.359639,0.0
574069,crypto,10,29,0,141.78407399999998,0.0
574069,crypto,11,1,0,7.992,0.0
574083,crypto,1,28,28,28.0,28.0
574083,crypto,10,2,0,248.199996,0.0
574582,crypto,1,28,28,27.999971999999993,27.999971999999993
574582,crypto,2,1,0,110.999889,0.0
574582,crypto,5,1,0,1.379619,0.0
574582,crypto,9,1,0,1.229769,0.0
574582,crypto,11,28,0,6486.4799440000015,0.0
574582,crypto,8,1,0,6.993,0.0
576411,crypto,1,28,28,37.79994399999999,37.79994399999999
576411,crypto,4,60,0,88503.99988199997,0.0
576411,crypto,8,1,0,5.25474,0.0
576993,crypto,1,58,28,1532.0999440000005,34.99994400000001
576993,crypto,2,1,1,1.209998,1.209998
585593,politics,4,29,1,14199.511998000005,3.679998
585593,politics,6,19,0,398.9999620000001,0.0
585593,politics,8,60,28,631.3004000000002,279.7183199999999
585593,politics,9,3,0,95.99991800000001,0.0
585593,politics,13,141,141,1547.7527699999991,1547.7527699999991
587998,crypto,5,9,0,81.209978,0.0
587998,crypto,13,29,29,1.0846,1.0846
587998,crypto,8,1,0,3.349647,0.0
588775,politics,1,28,28,65.79958000000005,65.79958000000005
588775,politics,2,81,55,854.3381050000005,271.49533500000007
588775,politics,4,15,4,1531.2318409999998,15.290870000000002
588775,politics,5,182,123,45016.94772399997,193.16987400000028
588775,politics,7,2,1,56.498408,0.999998
588775,politics,8,89,1,4059.208706,5.78035
588775,politics,9,61,31,1208.116487,292.2998880000001
588775,politics,10,3,0,640.639985,0.0
588775,politics,11,205,86,146390.97982899955,333.6623299999998
588775,politics,13,175,29,27910.329471000023,60.38069999999999
588775,politics,14,33,4,1162.679797,2.68
588775,politics,16,37,6,2999.3127790000003,22.548830000000002
588775,politics,17,86,58,1708.017491999999,322.96977200000003
588775,politics,18,209,61,15676.132465000028,185.31596999999996
588775,politics,19,186,7,9600.764830000016,45.560638000000004
588775,politics,20,147,31,23460.241701000003,141.67621899999995
588775,politics,21,88,2,7958.777148000001,5.999998
588775,politics,22,63,62,295.48558299999996,68.22350299999994
588775,politics,23,9,7,79.369988,28.369988
588775,politics,3,1,0,23.87585,0.0
588775,politics,6,59,29,770.033091,14.681249999999993
588775,politics,15,28,28,29.24208000000001,29.24208000000001
598795,crypto,14,247,247,1233.7649999999962,1233.7649999999962
598930,crypto,5,2,0,3.07692,0.0
598930,crypto,19,30,0,24942.405715999983,0.0
598930,crypto,21,1,0,3.249747,0.0
598930,crypto,11,1,0,2.669998,0.0
598930,crypto,16,29,29,38.27994199999997,38.27994199999997
598930,crypto,17,1,1,1.199998,1.199998
602893,crypto,4,1,1,36.459998,36.459998
604067,crypto,13,57,57,1000.3176810000008,1000.3176810000008
604067,crypto,16,28,0,517.7057759999997,0.0
604067,crypto,23,1,0,27.079893,0.0
604067,crypto,2,3,0,32637.11496,0.0
604067,crypto,5,1,1,3.899097,3.899097
604067,crypto,8,2,2,28.679996000000003,28.679996000000003
604067,crypto,20,19,19,24.884090999999998,24.884090999999998
606843,crypto,2,1,0,205.129998,0.0
606843,crypto,4,31,20,2509.439037,1552.39912
606843,crypto,13,1,0,1004.209843,0.0
606843,crypto,18,30,1,2883.6099980000013,15.509998
606843,crypto,5,1,0,550.46415,0.0
606843,crypto,11,2,1,9054.639997999999,0.999998
606843,crypto,16,1,1,13.011,13.011
606843,crypto,17,2,2,114.01152,114.01152
606844,crypto,5,161,25,9646.694999999969,558.4950000000002
606844,crypto,6,8,4,10682.439866,4.1999960000000005
606844,crypto,7,28,28,335.9999440000001,335.9999440000001
606844,crypto,11,1,1,0.999999,0.999999
611035,crypto,5,93,68,7395.869049999995,4395.870199999998
611035,crypto,18,1,0,99.5,0.0
620029,crypto,2,62,0,5609.995078,0.0
620029,crypto,4,20,0,870.99996,0.0
620029,crypto,5,117,0,5323.4998639999985,0.0
620029,crypto,9,2,2,4.0,4.0
620029,crypto,11,28,0,3247.999944000002,0.0
620029,crypto,13,34,33,40.959998,37.0
620029,crypto,18,28,0,246.95994399999998,0.0
620029,crypto,20,40,39,72.54991999999996,64.71992199999995
620029,crypto,7,2,0,208.409845,0.0
620029,crypto,10,3,0,130.789994,0.0
620029,crypto,14,329,28,1606.0589439999935,74.75994400000003
620029,crypto,15,1,1,1.0,1.0
620029,crypto,16,29,29,32.57994199999999,32.57994199999999
620029,crypto,17,28,28,39.759944,39.759944
620029,crypto,19,29,28,81.07494399999999,36.119944
620948,crypto,5,272,68,22915.999455999907,4691.9998640000085
620948,crypto,13,25,25,25.0,25.0
620948,crypto,10,1,0,199.999998,0.0
638492,crypto,5,84,29,674.4099419999997,144.99997100000004
638492,crypto,8,4,1,737.750698,1.999999
638492,crypto,9,3,1,20.464598,1.999999
638492,crypto,10,56,0,19287.519804000043,0.0
638492,crypto,11,60,59,592.6688800000009,396.9319600000008
638492,crypto,13,175,1,25933.179993000005,3.339999
638492,crypto,14,58,1,30355.99994399999,1.0
638492,crypto,20,21,20,208.153288,96.08329
638492,crypto,2,25,25,211.50000000000014,211.50000000000014
638492,crypto,3,1,0,62.995,0.0
638492,crypto,4,56,0,2814.7279440000007,0.0
638492,crypto,6,1,0,9.36156,0.0
638492,crypto,7,29,0,1285.0106389999992,0.0
638492,crypto,15,2,0,205.15546999999998,0.0
638492,crypto,16,29,1,1120.999803,0.999999
638492,crypto,17,29,0,2113.342127,0.0
638492,crypto,18,58,58,76.55953600000002,76.55953600000002
639961,crypto,15,1,1,0.1621,0.1621
657287,crypto,10,28,0,399.0,0.0
657287,crypto,11,28,28,279.999972,279.999972
800790,crypto,13,29,29,434.99825999999985,434.99825999999985
800790,crypto,22,1,1,14.539862,14.539862
800790,crypto,23,1,0,78.37524,0.0
800790,crypto,2,1,1,1.069856,1.069856
800790,crypto,3,59,1,4962.396318000003,1.679634
800790,crypto,8,1,0,26.339998,0.0
800790,crypto,15,1,1,8.619372,8.619372
800790,crypto,16,1,1,1.269729,1.269729
800790,crypto,17,1,1,1.819179,1.819179
800790,crypto,19,2,2,2.499498,2.499498
